product	HS_Code	quantity	price	date
Rice	1006.3	371	463.12	2024-12-21
Rice	1006.3	278	29.56	2025-02-12
Rice	1006.3	270	452.33	2025-03-07
Rice	1006.3	156	393.19	2025-03-01
Rice	1006.3	168	435.82	2025-07-25
Rice	1006.3	352	48.88	2024-10-30
Rice	1006.3	145	112	2025-03-11
Rice	1006.3	319	322.02	2025-03-07
Rice	1006.3	244	173.32	2024-10-10
Rice	1006.3	91	344.19	2024-12-20
Wheat	1001.19	167	164.94	2025-01-29
Wheat	1001.19	108	293.81	2024-11-03
Wheat	1001.19	493	139.55	2025-06-07
Wheat	1001.19	343	300.97	2025-02-28
Wheat	1001.19	271	472.68	2024-11-09
Wheat	1001.19	289	172.47	2024-11-28
Wheat	1001.19	160	76.81	2025-06-09
Wheat	1001.19	312	286.38	2025-04-05
Wheat	1001.19	73	13.61	2024-09-17
Wheat	1001.19	467	359.46	2024-10-04
Corn	1005.9	470	27.78	2024-11-30
Corn	1005.9	282	169.44	2024-08-27
Corn	1005.9	142	362.01	2025-07-26
Corn	1005.9	193	441.03	2025-05-15
Corn	1005.9	18	364.7	2025-03-02
Corn	1005.9	93	247.78	2024-11-14
Corn	1005.9	93	428.72	2024-10-03
Corn	1005.9	370	384.05	2024-12-04
Corn	1005.9	490	480.05	2025-03-24
Corn	1005.9	313	99.09	2025-01-27
Sugar	1701.99	373	169.22	2025-02-07
Sugar	1701.99	247	404.38	2024-12-12
Sugar	1701.99	313	337.02	2025-02-23
Sugar	1701.99	418	278.1	2025-01-31
Sugar	1701.99	249	483.42	2025-06-27
Sugar	1701.99	162	285.06	2025-04-16
Sugar	1701.99	118	199.28	2024-12-08
Sugar	1701.99	264	100.21	2024-10-23
Sugar	1701.99	387	136.03	2025-06-03
Sugar	1701.99	121	224.44	2025-02-22
Tea	902.1	401	311.4	2025-03-29
Tea	902.1	74	397.77	2024-11-01
Tea	902.1	98	72.77	2025-05-23
Tea	902.1	342	122.86	2024-12-20
Tea	902.1	200	264.41	2025-03-11
Tea	902.1	390	93.48	2025-04-20
Tea	902.1	273	35.26	2025-05-15
Tea	902.1	38	466.66	2024-09-30
Tea	902.1	459	81.65	2025-01-11
Tea	902.1	419	287.41	2024-10-22
Coffee	901.11	388	58.74	2025-03-12
Coffee	901.11	148	316.4	2025-06-30
Coffee	901.11	479	293.23	2024-10-22
Coffee	901.11	420	51.72	2024-09-21
Coffee	901.11	334	331.88	2025-02-06
Coffee	901.11	93	71.42	2025-06-23
Coffee	901.11	265	38.94	2024-10-23
Coffee	901.11	139	475.38	2024-10-03
Coffee	901.11	90	47.2	2025-02-01
Coffee	901.11	476	299.64	2025-02-13
Milk	401.1	142	457.51	2025-07-06
Milk	401.1	34	122.51	2025-06-27
Milk	401.1	17	432.12	2025-07-15
Milk	401.1	325	477.35	2025-03-04
Milk	401.1	170	18.11	2024-09-03
Milk	401.1	430	243.91	2025-01-05
Milk	401.1	304	23.02	2025-06-29
Milk	401.1	85	386.31	2025-04-06
Milk	401.1	427	114.55	2025-01-06
Milk	401.1	443	142.37	2025-06-24
Butter	405.1	360	40.96	2025-07-11
Butter	405.1	201	280.25	2024-09-04
Butter	405.1	150	484.36	2025-08-21
Butter	405.1	308	250.62	2024-09-14
Butter	405.1	35	408.83	2024-11-01
Butter	405.1	159	93.52	2024-09-19
Butter	405.1	90	204.42	2025-07-15
Butter	405.1	393	483.36	2025-08-21
Butter	405.1	463	390.58	2025-04-27
Butter	405.1	128	15.91	2024-11-06
Cheese	406.1	44	48.72	2024-09-05
Cheese	406.1	69	455.35	2025-05-20
Cheese	406.1	408	272.83	2025-06-25
Cheese	406.1	376	450.45	2025-03-16
Cheese	406.1	139	362.98	2024-09-16
Cheese	406.1	33	143.32	2025-05-17
Cheese	406.1	338	162.94	2025-03-12
Cheese	406.1	129	218.61	2025-03-13
Cheese	406.1	40	445.93	2025-03-03
Cheese	406.1	166	333.61	2024-12-01
Eggs	407	401	28.83	2025-04-15
Eggs	407	240	107.72	2024-11-12
Eggs	407	260	150.21	2025-06-11
Eggs	407	333	462.99	2024-11-05
Eggs	407	276	152.12	2025-04-11
Eggs	407	122	145.35	2025-04-30
Eggs	407	65	444.29	2025-06-11
Eggs	407	193	116.39	2025-05-08
Eggs	407	493	122.04	2025-07-08
Eggs	407	374	409.53	2025-03-26
Chicken Meat	207.14	470	118.17	2025-07-20
Chicken Meat	207.14	477	333.41	2025-08-10
Chicken Meat	207.14	389	427.21	2025-06-30
Chicken Meat	207.14	417	295.08	2025-02-14
Chicken Meat	207.14	100	116.25	2025-03-29
Chicken Meat	207.14	397	260.36	2025-01-23
Chicken Meat	207.14	23	46.26	2025-01-03
Chicken Meat	207.14	404	182.89	2024-10-01
Chicken Meat	207.14	319	25.96	2025-07-11
Chicken Meat	207.14	481	97.04	2025-06-06
Beef	201.3	48	251.13	2025-04-01
Beef	201.3	141	297.17	2024-11-04
Beef	201.3	150	175.4	2024-09-02
Beef	201.3	309	108.47	2025-03-23
Beef	201.3	61	199.98	2024-10-02
Beef	201.3	492	449.72	2025-01-31
Beef	201.3	268	476.55	2024-10-02
Beef	201.3	447	476.84	2025-08-19
Beef	201.3	29	414.46	2025-07-17
Beef	201.3	416	343.42	2025-03-10
Pork	203.29	301	67.83	2024-09-26
Pork	203.29	401	419.66	2025-06-12
Pork	203.29	472	291.32	2025-08-11
Pork	203.29	391	435.88	2025-04-08
Pork	203.29	470	227.62	2024-11-03
Pork	203.29	314	110.74	2025-02-10
Pork	203.29	242	75.56	2025-06-02
Pork	203.29	342	100.49	2025-05-25
Pork	203.29	145	166.31	2025-06-29
Pork	203.29	50	195.27	2025-03-03
Fish	303.19	30	197.3	2024-11-28
Fish	303.19	324	434.49	2025-08-12
Fish	303.19	367	12.29	2024-08-27
Fish	303.19	355	457.42	2024-09-04
Fish	303.19	247	203.94	2025-08-05
Fish	303.19	280	254.79	2024-08-24
Fish	303.19	31	187.26	2025-08-23
Fish	303.19	351	90.81	2025-04-22
Fish	303.19	461	123.96	2024-12-01
Fish	303.19	78	209.52	2024-10-24
Shrimp	306.17	115	486.73	2025-01-10
Shrimp	306.17	19	404.38	2025-02-27
Shrimp	306.17	420	42.79	2025-07-28
Shrimp	306.17	397	144.09	2025-04-23
Shrimp	306.17	474	454.34	2024-12-29
Shrimp	306.17	380	130.81	2025-06-02
Shrimp	306.17	68	404.14	2025-04-26
Shrimp	306.17	103	370.15	2025-04-30
Shrimp	306.17	447	355.48	2025-08-02
Shrimp	306.17	140	423.58	2024-12-31
Cotton	5201	446	260.33	2024-11-11
Cotton	5201	40	111.36	2024-10-01
Cotton	5201	78	221.48	2024-11-16
Cotton	5201	360	186.98	2024-10-15
Cotton	5201	414	205.62	2024-11-13
Cotton	5201	204	162.73	2025-02-27
Cotton	5201	113	481.19	2024-10-28
Cotton	5201	491	135.56	2024-12-31
Cotton	5201	211	193.4	2025-02-28
Cotton	5201	249	327.69	2025-07-26
Wool	5101.11	127	27.33	2024-11-12
Wool	5101.11	413	431.25	2024-11-18/home/destiny/Downloads/purchases1.csv
Wool	5101.11	300	472.81	2025-03-20
Wool	5101.11	483	86.06	2024-11-10
Wool	5101.11	384	170.35	2025-04-20
Wool	5101.11	331	128.78	2025-06-21
Wool	5101.11	119	38.53	2025-02-18
Wool	5101.11	42	446.52	2025-01-31
Wool	5101.11	355	42.3	2025-05-10
Wool	5101.11	186	290.98	2024-08-26
Silk	5002	210	349.47	2024-09-23
Silk	5002	210	390.02	2024-08-25
Silk	5002	138	59.56	2025-04-22
Silk	5002	307	209.05	2025-01-10
Silk	5002	63	112.41	2025-06-03
Silk	5002	56	323.39	2025-07-03
Silk	5002	309	347.51	2025-05-03
Silk	5002	348	343.88	2025-01-12
Silk	5002	406	63.41	2025-05-07
Silk	5002	162	284.78	2025-01-07
Leather	4107.91	206	168.55	2024-09-06
Leather	4107.91	155	183.74	2025-04-10
Leather	4107.91	196	265.01	2025-08-19
Leather	4107.91	299	302.73	2024-12-01
Leather	4107.91	470	296.49	2024-12-07
Leather	4107.91	422	132.55	2025-02-07
Leather	4107.91	313	131.51	2024-12-30
Leather	4107.91	269	270.25	2025-06-19
Leather	4107.91	245	24.62	2025-05-04
Leather	4107.91	135	123.91	2025-08-22
Rubber	4001.1	143	117.23	2024-09-17
Rubber	4001.1	432	253.87	2025-05-17
Rubber	4001.1	159	133.93	2024-11-11
Rubber	4001.1	370	266.08	2025-07-24
Rubber	4001.1	13	38.13	2025-03-01
Rubber	4001.1	366	174.09	2024-11-08
Rubber	4001.1	107	254.43	2025-07-11
Rubber	4001.1	478	382.77	2025-08-09
Rubber	4001.1	90	496.87	2025-01-03
Rubber	4001.1	469	320.58	2024-12-05
Plastic Materials	3901.1	140	336.45	2025-08-02
Plastic Materials	3901.1	88	412.98	2024-10-24
Plastic Materials	3901.1	251	222.17	2025-03-20
Plastic Materials	3901.1	19	173.06	2025-08-19
Plastic Materials	3901.1	366	314.35	2024-11-13
Plastic Materials	3901.1	466	453.8	2025-04-23
Plastic Materials	3901.1	441	338.47	2025-05-25
Plastic Materials	3901.1	405	263.02	2025-01-14
Plastic Materials	3901.1	409	348.61	2025-07-04
Plastic Materials	3901.1	238	207.09	2024-11-29
Aluminum	7601.1	426	361.14	2025-03-08
Aluminum	7601.1	446	341.8	2025-08-23
Aluminum	7601.1	399	48.61	2025-01-13
Aluminum	7601.1	350	107.56	2025-05-02
Aluminum	7601.1	150	383.92	2024-10-12
Aluminum	7601.1	170	67.97	2024-08-31
Aluminum	7601.1	86	49.79	2025-03-12
Aluminum	7601.1	283	109.57	2025-04-26
Aluminum	7601.1	141	234.7	2025-04-17
Aluminum	7601.1	239	141.1	2024-08-30
Copper	7403.11	395	395.64	2025-01-28
Copper	7403.11	392	80.81	2025-02-06
Copper	7403.11	58	61.62	2025-08-18
Copper	7403.11	480	329.12	2025-08-02
Copper	7403.11	239	416.31	2025-01-22
Copper	7403.11	106	220.04	2025-08-06
Copper	7403.11	372	428.74	2024-12-19
Copper	7403.11	347	396.48	2025-01-22
Copper	7403.11	34	276.53	2025-04-20
Copper	7403.11	242	299.52	2025-05-28
Iron Ore	2601.11	196	29.78	2025-08-16
Iron Ore	2601.11	267	353.05	2025-03-27
Iron Ore	2601.11	384	259.48	2025-01-14
Iron Ore	2601.11	295	262.47	2025-01-02
Iron Ore	2601.11	99	142.84	2024-09-27
Iron Ore	2601.11	196	21.36	2025-03-07
Iron Ore	2601.11	456	142.61	2025-01-17
Iron Ore	2601.11	55	62.49	2025-04-02
Iron Ore	2601.11	11	275.47	2024-10-23
Iron Ore	2601.11	479	396.17	2024-11-21
Steel Products	7208.5	150	22.07	2025-02-23
Steel Products	7208.5	96	280.29	2025-01-30
Steel Products	7208.5	165	301.8	2024-09-23
Steel Products	7208.5	399	446.59	2025-02-28
Steel Products	7208.5	397	373.72	2024-10-03
Steel Products	7208.5	471	108.94	2025-05-21
Steel Products	7208.5	49	16.75	2025-06-28
Steel Products	7208.5	236	60.87	2024-09-02
Steel Products	7208.5	296	294.72	2025-01-14
Steel Products	7208.5	234	135.92	2025-03-07
Cement	2523.29	454	266.97	2025-03-26
Cement	2523.29	270	398.42	2025-05-23
Cement	2523.29	118	394.61	2025-07-20
Cement	2523.29	379	13	2024-11-07
Cement	2523.29	332	205.22	2024-11-25
Cement	2523.29	369	284.31	2025-06-13
Cement	2523.29	442	39.86	2024-11-02
Cement	2523.29	421	77.88	2024-11-18
Cement	2523.29	51	232.54	2024-09-23
Cement	2523.29	147	474.32	2025-04-06
Glass	7003.19	205	251.82	2025-05-30
Glass	7003.19	132	266.02	2025-07-17
Glass	7003.19	196	200.93	2025-08-06
Glass	7003.19	112	311.06	2024-12-13
Glass	7003.19	113	60.65	2025-02-07
Glass	7003.19	26	226.5	2024-11-01
Glass	7003.19	94	417.8	2025-03-29
Glass	7003.19	422	230.6	2025-03-30
Glass	7003.19	451	105.67	2024-11-16
Glass	7003.19	213	189.83	2024-10-13
Ceramic Tiles	6908.9	16	324.49	2025-08-12
Ceramic Tiles	6908.9	91	74.45	2025-06-18
Ceramic Tiles	6908.9	442	248.08	2025-01-06
Ceramic Tiles	6908.9	380	346.57	2025-01-12
Ceramic Tiles	6908.9	184	428.2	2025-02-04
Ceramic Tiles	6908.9	434	20.58	2025-04-14
Ceramic Tiles	6908.9	480	123.72	2025-03-04
Ceramic Tiles	6908.9	400	490.01	2025-05-22
Ceramic Tiles	6908.9	403	439.17	2025-02-19
Ceramic Tiles	6908.9	80	487.54	2025-02-17
Paints	3208.1	280	100.12	2025-03-25
Paints	3208.1	121	21.11	2025-04-01
Paints	3208.1	491	42.59	2024-12-02
Paints	3208.1	362	36.42	2024-12-22
Paints	3208.1	27	431.47	2025-01-04
Paints	3208.1	42	402.69	2024-09-25
Paints	3208.1	443	353.2	2024-12-10
Paints	3208.1	93	123.03	2025-02-15
Paints	3208.1	463	287.56	2025-08-15
Paints	3208.1	10	474.91	2024-09-13
Detergents	3402.2	55	280.73	2025-05-10
Detergents	3402.2	210	429.92	2025-03-11
Detergents	3402.2	190	365.1	2025-01-11
Detergents	3402.2	394	79.48	2025-01-10
Detergents	3402.2	356	233.26	2024-10-09
Detergents	3402.2	284	388.3	2024-12-15
Detergents	3402.2	423	372.49	2024-11-28
Detergents	3402.2	206	46.3	2024-11-05
Detergents	3402.2	317	441.64	2025-03-13
Detergents	3402.2	121	331.73	2024-10-08
Soap	3401.11	85	478.63	2024-10-13
Soap	3401.11	297	365.15	2025-01-13
Soap	3401.11	435	36.3	2024-11-25
Soap	3401.11	494	375.06	2024-12-27
Soap	3401.11	300	10.41	2025-08-07
Soap	3401.11	48	47.9	2025-03-05
Soap	3401.11	51	74	2025-08-20
Soap	3401.11	476	232.59	2025-03-22
Soap	3401.11	415	373.74	2025-07-23
Soap	3401.11	421	496.52	2024-10-09
Perfume	3303	470	271.13	2025-06-09
Perfume	3303	419	290.19	2024-09-10
Perfume	3303	111	458.11	2024-10-07
Perfume	3303	431	200.36	2024-10-12
Perfume	3303	448	107.51	2024-12-09
Perfume	3303	441	482.69	2024-09-06
Perfume	3303	136	244.94	2024-09-02
Perfume	3303	432	133.1	2025-06-27
Perfume	3303	268	91.52	2025-03-30
Perfume	3303	133	186.65	2025-03-29
Mobile Phones	8517.12	94	485.3	2025-01-11
Mobile Phones	8517.12	189	83.3	2025-03-07
Mobile Phones	8517.12	289	284.13	2025-06-29
Mobile Phones	8517.12	56	473.74	2025-01-05
Mobile Phones	8517.12	65	107	2024-09-19
Mobile Phones	8517.12	488	206.89	2025-03-19
Mobile Phones	8517.12	420	441.65	2024-10-20
Mobile Phones	8517.12	130	391.5	2024-11-06
Mobile Phones	8517.12	180	325.78	2025-07-14
Mobile Phones	8517.12	449	47.65	2024-12-22
Laptops	8471.3	448	363.63	2024-10-24
Laptops	8471.3	32	331.16	2025-01-20
Laptops	8471.3	289	422.9	2025-02-23
Laptops	8471.3	304	50.36	2025-01-18
Laptops	8471.3	372	102.31	2025-06-16
Laptops	8471.3	253	42.96	2024-10-07
Laptops	8471.3	357	223.04	2024-08-26
Laptops	8471.3	13	430.03	2025-02-26
Laptops	8471.3	451	359.33	2025-05-07
Laptops	8471.3	287	407.22	2025-06-27
Television	8528.72	214	459.87	2025-04-10
Television	8528.72	117	390.75	2025-01-12
Television	8528.72	375	16.03	2024-12-10
Television	8528.72	476	118.35	2025-08-08
Television	8528.72	300	157.57	2025-02-08
Television	8528.72	79	378.98	2025-07-31
Television	8528.72	421	98.71	2025-03-09
Television	8528.72	431	110.9	2025-05-01
Television	8528.72	122	139.37	2025-04-30
Television	8528.72	92	335.76	2025-01-03
Camera	8525.8	387	417.55	2025-08-17
Camera	8525.8	235	353.23	2025-04-02
Camera	8525.8	274	214.74	2025-04-14
Camera	8525.8	64	101.08	2024-09-22
Camera	8525.8	282	189.33	2025-06-01
Camera	8525.8	132	478.52	2025-03-06
Camera	8525.8	407	246.98	2024-10-20
Camera	8525.8	25	41.85	2025-06-23
Camera	8525.8	70	372.96	2025-04-11
Camera	8525.8	51	441.12	2024-10-05
Motor Vehicles	8703.23	279	47.58	2024-08-25
Motor Vehicles	8703.23	80	255.88	2025-05-07
Motor Vehicles	8703.23	264	459.99	2025-05-27
Motor Vehicles	8703.23	417	214.58	2024-09-10
Motor Vehicles	8703.23	477	426.66	2025-03-24
Motor Vehicles	8703.23	434	266.25	2024-10-03
Motor Vehicles	8703.23	322	332.67	2024-12-11
Motor Vehicles	8703.23	40	56.1	2025-06-03
Motor Vehicles	8703.23	194	114.62	2025-01-17
Motor Vehicles	8703.23	434	96.84	2025-05-24
Bicycles	8712	333	308.54	2025-01-18
Bicycles	8712	281	434.44	2025-08-04
Bicycles	8712	217	411.07	2025-02-04
Bicycles	8712	230	389.54	2025-05-08
Bicycles	8712	462	357.57	2025-06-06
Bicycles	8712	482	240.73	2025-04-11
Bicycles	8712	89	117.19	2024-11-10
Bicycles	8712	358	14.62	2024-12-06
Bicycles	8712	388	287.45	2024-12-05
Bicycles	8712	40	229.65	2025-03-02
Tires	4011.1	450	63.55	2025-03-23
Tires	4011.1	138	315.29	2025-02-10
Tires	4011.1	277	371.41	2024-10-11
Tires	4011.1	294	464.56	2025-05-12
Tires	4011.1	61	199.24	2025-02-09
Tires	4011.1	251	181.45	2025-04-20
Tires	4011.1	476	162.26	2024-09-20
Tires	4011.1	286	187.1	2024-09-17
Tires	4011.1	412	281.98	2025-05-05
Tires	4011.1	270	48.46	2024-12-26
Furniture	9403.6	201	244.83	2025-01-07
Furniture	9403.6	415	100.97	2025-03-25
Furniture	9403.6	464	319.15	2025-08-21
Furniture	9403.6	437	135.68	2024-11-02
Furniture	9403.6	134	486.99	2025-01-16
Furniture	9403.6	135	408.22	2025-01-09
Furniture	9403.6	196	410.38	2025-08-05
Furniture	9403.6	447	241.95	2025-02-12
Furniture	9403.6	303	246.62	2024-11-04
Furniture	9403.6	175	330.77	2025-08-07
Textile Fabrics	5903.9	381	91.05	2024-12-17
Textile Fabrics	5903.9	228	350.23	2025-02-08
Textile Fabrics	5903.9	199	5.47	2025-01-03
Textile Fabrics	5903.9	333	283.06	2024-12-01
Textile Fabrics	5903.9	265	109.81	2025-08-20
Textile Fabrics	5903.9	18	323.84	2025-02-25
Textile Fabrics	5903.9	304	311.41	2024-12-25
Textile Fabrics	5903.9	111	404.66	2025-06-17
Textile Fabrics	5903.9	413	449.58	2025-06-21
Textile Fabrics	5903.9	444	221.55	2025-04-05
Clothing	6203.42	313	290.27	2024-12-26
Clothing	6203.42	227	440.69	2024-11-02
Clothing	6203.42	144	54.64	2025-04-12
Clothing	6203.42	364	325.74	2025-05-03
Clothing	6203.42	280	433.59	2024-09-29
Clothing	6203.42	340	382.68	2025-06-15
Clothing	6203.42	465	11.17	2024-12-08
Clothing	6203.42	369	42.67	2024-08-27
Clothing	6203.42	150	69.49	2025-01-23
Clothing	6203.42	18	376.32	2025-01-12
Shoes	6403.59	150	437.95	2025-07-09
Shoes	6403.59	125	432.12	2025-02-20
Shoes	6403.59	378	94.92	2025-01-28
Shoes	6403.59	180	246.93	2025-01-19
Shoes	6403.59	331	205.93	2024-11-25
Shoes	6403.59	91	255.14	2025-07-09
Shoes	6403.59	329	266.19	2025-05-28
Shoes	6403.59	406	298.91	2025-05-19
Shoes	6403.59	67	387.35	2025-07-05
Shoes	6403.59	152	117.83	2024-11-22
Gold	7108.12	345	120.63	2024-11-24
Gold	7108.12	260	149.97	2025-06-23
Gold	7108.12	82	478.48	2025-02-18
Gold	7108.12	140	179.5	2025-04-11
Gold	7108.12	267	214.04	2025-06-25
Gold	7108.12	452	491.45	2024-09-05
Gold	7108.12	482	346.55	2024-10-26
Gold	7108.12	294	61.63	2024-11-28
Gold	7108.12	69	86.38	2025-03-01
Gold	7108.12	33	353.61	2025-01-24
Silver	7106.91	481	395	2025-04-19
Silver	7106.91	73	420.98	2025-01-27
Silver	7106.91	406	68.69	2024-10-31
Silver	7106.91	25	398.72	2025-05-02
Silver	7106.91	251	75.86	2024-12-16
Silver	7106.91	398	122.71	2025-04-25
Silver	7106.91	67	309.94	2024-11-29
Silver	7106.91	216	341.74	2025-02-05
Silver	7106.91	312	191.53	2024-09-26
Silver	7106.91	123	57.36	2025-05-08
Jewelry	7113.11	118	344.67	2025-03-15
Jewelry	7113.11	494	493.22	2025-04-16
Jewelry	7113.11	261	209.62	2025-01-31
Jewelry	7113.11	246	57.4	2025-03-08
Jewelry	7113.11	139	321.37	2024-10-08
Jewelry	7113.11	485	418.45	2025-07-10
Jewelry	7113.11	251	160.41	2025-05-18
Jewelry	7113.11	394	469.26	2024-08-30
Jewelry	7113.11	20	368.87	2025-04-03
Jewelry	7113.11	414	163.48	2025-04-04
Toys	9503	327	429.5	2025-08-11
Toys	9503	130	422.21	2025-06-23
Toys	9503	291	125.4	2024-09-26
Toys	9503	99	10.91	2025-08-01
Toys	9503	460	395.39	2025-07-01
Toys	9503	257	481.18	2025-06-22
Toys	9503	374	475.41	2024-09-15
Toys	9503	454	216.66	2025-03-10
Toys	9503	142	245.83	2025-06-18
Toys	9503	62	459.1	2024-11-06
Books	4901.99	425	96.45	2025-08-23
Books	4901.99	478	170.79	2025-04-22
Books	4901.99	298	267.69	2025-02-06
Books	4901.99	133	51.61	2025-04-15
Books	4901.99	158	326.69	2024-11-25
Books	4901.99	173	76.43	2025-01-04
Books	4901.99	66	122.63	2025-05-08
Books	4901.99	437	396.35	2025-06-21
Books	4901.99	342	55.88	2024-08-25
Books	4901.99	190	205.59	2024-12-05
Paper	4802.56	244	76.34	2025-03-09
Paper	4802.56	26	486.36	2024-10-18
Paper	4802.56	471	250.05	2025-07-12
Paper	4802.56	248	135.56	2025-04-08
Paper	4802.56	105	19.92	2025-05-26
Paper	4802.56	14	133.07	2025-04-13
Paper	4802.56	247	390.73	2025-06-07
Paper	4802.56	487	206.64	2024-10-29
Paper	4802.56	298	342.22	2025-02-09
Paper	4802.56	92	38.85	2025-07-05
Stationery	4820.1	230	243.89	2025-06-16
Stationery	4820.1	376	243.25	2024-09-06
Stationery	4820.1	454	17.8	2025-02-21
Stationery	4820.1	317	197.05	2024-10-11
Stationery	4820.1	349	82.05	2025-07-09
Stationery	4820.1	195	115.95	2025-06-28
Stationery	4820.1	317	329.77	2025-01-12
Stationery	4820.1	366	272.05	2025-07-18
Stationery	4820.1	31	336.28	2024-10-23
Stationery	4820.1	393	404.64	2025-07-08