product,quantity,price,date
Ball Pen,83,205.00,2025-10-07
Ball Pen,50,207.00,2025-10-24
Ball Pen,33,207.00,2025-11-01
Ball Pen,41,210.00,2025-09-10
Ball Pen,38,208.00,2025-09-13
Ball Pen,29,212.00,2025-10-06
Ball Pen,37,212.00,2025-10-10
Ball Pen,84,211.00,2025-09-25
Ball Pen,13,218.00,2025-10-19
Ball Pen,3,216.00,2025-10-19
Ball Pen,56,204.00,2025-08-12
Ball Pen,51,211.00,2025-10-27
Ball Pen,27,215.00,2025-10-23
Ball Pen,17,215.00,2025-10-28
Ball Pen,78,213.00,2025-10-07
Ball Pen,49,214.00,2025-09-21
Ball Pen,26,213.00,2025-10-29
Ball Pen,50,215.00,2025-09-27
Ball Pen,63,212.00,2025-11-06
Ball Pen,84,217.00,2025-08-21
Ball Pen,66,217.00,2025-10-10
Ball Pen,7,206.00,2025-10-01
Ball Pen,1,203.00,2025-09-20
Ball Pen,75,213.00,2025-08-15
Ball Pen,13,208.00,2025-09-10
Ball Pen,67,216.00,2025-09-09
Ball Pen,52,208.00,2025-10-21
Ball Pen,35,205.00,2025-10-27
Ball Pen,17,208.00,2025-10-23
Ball Pen,21,211.00,2025-08-17
Ball Pen,17,216.00,2025-08-26
Ball Pen,34,204.00,2025-08-16
Ball Pen,28,211.00,2025-08-29
Ball Pen,1,213.00,2025-10-14
Ball Pen,27,211.00,2025-08-09
Ball Pen,17,205.00,2025-10-04
Ball Pen,34,206.00,2025-10-16
Ball Pen,63,215.00,2025-10-03
Ball Pen,51,216.00,2025-09-13
Ball Pen,85,210.00,2025-09-17
Ball Pen,84,208.00,2025-09-02
Ball Pen,63,214.00,2025-10-12
Ball Pen,92,214.00,2025-08-14
Ball Pen,41,212.00,2025-09-17
Ball Pen,84,211.00,2025-09-29
Ball Pen,68,218.00,2025-09-06
Ball Pen,88,204.00,2025-10-08
Ball Pen,34,210.00,2025-09-16
Ball Pen,7,211.00,2025-11-04
Ball Pen,68,212.00,2025-09-03
Ball Pen,30,205.00,2025-10-14
Ball Pen,94,214.00,2025-09-18
Ball Pen,87,217.00,2025-08-11
Ball Pen,56,216.00,2025-10-04
Ball Pen,23,209.00,2025-10-26
Ball Pen,48,206.00,2025-08-28
Ball Pen,92,203.00,2025-09-09
Ball Pen,52,214.00,2025-10-29
Ball Pen,93,203.00,2025-08-30
Ball Pen,26,205.00,2025-09-07
Gel Pen,84,204.00,2025-10-30
Gel Pen,35,200.00,2025-08-13
Gel Pen,78,192.00,2025-10-18
Gel Pen,48,204.00,2025-09-17
Gel Pen,40,199.00,2025-10-25
Gel Pen,49,203.00,2025-09-29
Gel Pen,12,200.00,2025-09-13
Gel Pen,20,198.00,2025-09-27
Gel Pen,51,204.00,2025-10-07
Gel Pen,15,195.00,2025-10-16
Gel Pen,71,189.00,2025-10-13
Gel Pen,31,193.00,2025-09-08
Gel Pen,98,193.00,2025-10-13
Gel Pen,10,190.00,2025-09-20
Gel Pen,64,190.00,2025-09-25
Gel Pen,43,196.00,2025-09-08
Gel Pen,52,201.00,2025-09-20
Gel Pen,35,195.00,2025-11-02
Gel Pen,46,189.00,2025-08-18
Gel Pen,63,189.00,2025-09-01
Gel Pen,57,202.00,2025-09-08
Gel Pen,26,192.00,2025-10-07
Gel Pen,1,199.00,2025-09-05
Gel Pen,77,192.00,2025-09-24
Gel Pen,82,190.00,2025-09-05
Gel Pen,38,194.00,2025-09-15
Gel Pen,6,189.00,2025-11-03
Gel Pen,19,194.00,2025-11-02
Gel Pen,98,199.00,2025-09-01
Gel Pen,3,204.00,2025-09-14
Gel Pen,1,196.00,2025-08-13
Gel Pen,36,190.00,2025-09-14
Gel Pen,77,192.00,2025-09-25
Gel Pen,45,192.00,2025-08-14
Gel Pen,60,190.00,2025-08-18
Gel Pen,60,204.00,2025-10-12
Gel Pen,69,192.00,2025-09-13
Gel Pen,18,193.00,2025-10-26
Gel Pen,99,196.00,2025-09-09
Gel Pen,52,202.00,2025-11-02
Gel Pen,94,195.00,2025-09-12
Gel Pen,40,191.00,2025-09-20
Gel Pen,84,190.00,2025-10-19
Gel Pen,87,195.00,2025-09-26
Gel Pen,62,203.00,2025-09-24
Gel Pen,76,191.00,2025-11-05
Gel Pen,13,201.00,2025-09-15
Gel Pen,30,200.00,2025-10-13
Gel Pen,33,201.00,2025-10-20
Gel Pen,52,191.00,2025-09-26
Gel Pen,59,202.00,2025-08-21
Gel Pen,15,203.00,2025-11-03
Gel Pen,65,191.00,2025-09-17
Gel Pen,57,194.00,2025-09-06
Gel Pen,86,202.00,2025-10-19
Gel Pen,67,197.00,2025-08-29
Gel Pen,74,203.00,2025-09-10
Gel Pen,98,191.00,2025-08-17
Gel Pen,2,199.00,2025-08-19
Gel Pen,67,201.00,2025-09-20
Pencil,91,161.00,2025-08-19
Pencil,27,161.00,2025-11-04
Pencil,2,157.00,2025-10-17
Pencil,51,161.00,2025-10-30
Pencil,5,171.00,2025-09-16
Pencil,82,167.00,2025-08-14
Pencil,74,164.00,2025-09-07
Pencil,98,160.00,2025-08-12
Pencil,67,166.00,2025-09-28
Pencil,80,160.00,2025-08-15
Pencil,75,161.00,2025-09-17
Pencil,35,167.00,2025-10-09
Pencil,82,157.00,2025-09-02
Pencil,31,159.00,2025-10-14
Pencil,12,161.00,2025-09-11
Pencil,76,164.00,2025-08-14
Pencil,86,166.00,2025-10-22
Pencil,100,166.00,2025-08-23
Pencil,35,159.00,2025-11-04
Pencil,47,171.00,2025-09-26
Pencil,27,167.00,2025-08-20
Pencil,1,160.00,2025-09-23
Pencil,35,160.00,2025-09-16
Pencil,12,165.00,2025-08-26
Pencil,98,158.00,2025-10-06
Pencil,26,165.00,2025-08-19
Pencil,100,171.00,2025-10-17
Pencil,11,171.00,2025-10-13
Pencil,95,166.00,2025-09-03
Pencil,11,161.00,2025-10-17
Pencil,96,161.00,2025-09-07
Pencil,12,157.00,2025-10-21
Pencil,92,170.00,2025-09-26
Pencil,46,163.00,2025-10-30
Pencil,82,156.00,2025-09-27
Pencil,28,161.00,2025-08-20
Pencil,84,163.00,2025-09-20
Pencil,25,171.00,2025-10-06
Pencil,23,161.00,2025-08-28
Pencil,35,166.00,2025-10-13
Pencil,20,156.00,2025-10-09
Pencil,17,161.00,2025-10-28
Pencil,57,157.00,2025-08-31
Pencil,89,166.00,2025-10-16
Pencil,7,164.00,2025-10-28
Pencil,13,161.00,2025-11-01
Pencil,60,164.00,2025-10-29
Pencil,45,166.00,2025-08-10
Pencil,69,160.00,2025-08-30
Pencil,83,161.00,2025-08-14
Pencil,92,166.00,2025-08-18
Pencil,87,161.00,2025-08-26
Pencil,62,170.00,2025-10-20
Pencil,75,157.00,2025-08-19
Pencil,100,163.00,2025-08-31
Pencil,35,159.00,2025-10-23
Pencil,72,157.00,2025-10-30
Pencil,33,165.00,2025-10-04
Pencil,54,158.00,2025-10-01
Pencil,71,163.00,2025-08-13
Eraser,94,214.00,2025-09-09
Eraser,41,215.00,2025-08-08
Eraser,82,210.00,2025-10-15
Eraser,30,221.00,2025-08-18
Eraser,33,211.00,2025-10-07
Eraser,47,212.00,2025-09-26
Eraser,9,208.00,2025-09-22
Eraser,13,219.00,2025-09-15
Eraser,39,219.00,2025-10-11
Eraser,47,219.00,2025-09-23
Eraser,9,222.00,2025-09-26
Eraser,94,211.00,2025-08-10
Eraser,7,222.00,2025-10-10
Eraser,81,210.00,2025-11-01
Eraser,27,221.00,2025-08-22
Eraser,98,214.00,2025-08-10
Eraser,56,210.00,2025-08-21
Eraser,82,214.00,2025-08-26
Eraser,6,217.00,2025-10-12
Eraser,81,220.00,2025-08-23
Eraser,7,217.00,2025-08-13
Eraser,53,207.00,2025-09-30
Eraser,26,216.00,2025-10-05
Eraser,66,221.00,2025-11-01
Eraser,55,207.00,2025-10-05
Eraser,44,220.00,2025-10-03
Eraser,75,210.00,2025-08-11
Eraser,72,207.00,2025-08-12
Eraser,94,215.00,2025-08-30
Eraser,61,210.00,2025-09-25
Eraser,11,215.00,2025-09-11
Eraser,58,214.00,2025-10-14
Eraser,71,212.00,2025-10-04
Eraser,16,209.00,2025-08-12
Eraser,56,211.00,2025-10-17
Eraser,8,213.00,2025-10-02
Eraser,19,219.00,2025-08-11
Eraser,79,212.00,2025-08-21
Eraser,14,221.00,2025-11-01
Eraser,35,209.00,2025-09-07
Eraser,48,214.00,2025-10-20
Eraser,95,221.00,2025-08-12
Eraser,85,207.00,2025-10-24
Eraser,37,207.00,2025-08-14
Eraser,70,207.00,2025-08-30
Eraser,41,218.00,2025-08-26
Eraser,43,209.00,2025-10-30
Eraser,5,214.00,2025-08-22
Eraser,2,215.00,2025-10-22
Eraser,47,210.00,2025-09-06
Eraser,43,214.00,2025-10-31
Eraser,40,220.00,2025-08-22
Eraser,46,222.00,2025-09-27
Eraser,43,211.00,2025-10-17
Eraser,42,210.00,2025-09-19
Eraser,4,210.00,2025-08-18
Eraser,9,211.00,2025-09-02
Eraser,85,218.00,2025-10-20
Eraser,100,213.00,2025-10-23
Eraser,12,220.00,2025-11-06
Sharpener,67,71.00,2025-10-23
Sharpener,35,76.00,2025-08-13
Sharpener,42,71.00,2025-09-28
Sharpener,11,78.00,2025-10-19
Sharpener,23,72.00,2025-09-02
Sharpener,8,74.00,2025-08-14
Sharpener,98,82.00,2025-08-20
Sharpener,54,67.00,2025-09-03
Sharpener,79,73.00,2025-10-18
Sharpener,69,67.00,2025-08-30
Sharpener,44,78.00,2025-08-30
Sharpener,80,74.00,2025-09-04
Sharpener,93,71.00,2025-10-31
Sharpener,54,78.00,2025-08-24
Sharpener,27,70.00,2025-08-24
Sharpener,9,69.00,2025-09-19
Sharpener,4,67.00,2025-10-07
Sharpener,67,73.00,2025-10-01
Sharpener,61,80.00,2025-09-09
Sharpener,54,73.00,2025-09-28
Sharpener,46,69.00,2025-08-10
Sharpener,31,71.00,2025-09-05
Sharpener,23,79.00,2025-08-11
Sharpener,77,77.00,2025-11-05
Sharpener,98,82.00,2025-09-20
Sharpener,4,67.00,2025-09-14
Sharpener,7,79.00,2025-08-26
Sharpener,72,70.00,2025-10-11
Sharpener,100,70.00,2025-10-07
Sharpener,98,72.00,2025-10-31
Sharpener,35,68.00,2025-08-16
Sharpener,78,81.00,2025-09-14
Sharpener,76,71.00,2025-11-02
Sharpener,74,81.00,2025-08-10
Sharpener,19,67.00,2025-10-24
Sharpener,22,82.00,2025-09-11
Sharpener,48,75.00,2025-09-08
Sharpener,58,81.00,2025-08-26
Sharpener,95,78.00,2025-11-05
Sharpener,30,77.00,2025-08-25
Sharpener,91,70.00,2025-10-15
Sharpener,50,76.00,2025-10-24
Sharpener,6,69.00,2025-10-31
Sharpener,11,75.00,2025-10-19
Sharpener,3,82.00,2025-10-28
Sharpener,54,69.00,2025-08-13
Sharpener,15,78.00,2025-08-27
Sharpener,2,77.00,2025-08-27
Sharpener,79,82.00,2025-08-26
Sharpener,31,80.00,2025-08-20
Sharpener,81,75.00,2025-08-31
Sharpener,29,69.00,2025-08-10
Sharpener,25,78.00,2025-09-12
Sharpener,89,81.00,2025-10-13
Sharpener,50,69.00,2025-10-31
Sharpener,12,74.00,2025-10-10
Sharpener,66,74.00,2025-09-20
Sharpener,45,80.00,2025-10-18
Sharpener,48,75.00,2025-11-01
Sharpener,37,73.00,2025-08-08
Scale,95,117.00,2025-10-10
Scale,15,129.00,2025-09-29
Scale,66,127.00,2025-09-16
Scale,91,128.00,2025-09-27
Scale,17,131.00,2025-10-28
Scale,80,125.00,2025-09-04
Scale,61,118.00,2025-09-21
Scale,93,121.00,2025-09-29
Scale,91,130.00,2025-09-19
Scale,21,131.00,2025-10-03
Scale,84,124.00,2025-09-25
Scale,53,121.00,2025-08-25
Scale,87,121.00,2025-08-27
Scale,55,124.00,2025-10-05
Scale,79,121.00,2025-09-14
Scale,66,117.00,2025-08-14
Scale,25,130.00,2025-09-05
Scale,8,129.00,2025-08-27
Scale,4,124.00,2025-10-21
Scale,28,129.00,2025-10-08
Scale,93,130.00,2025-11-04
Scale,31,120.00,2025-10-10
Scale,47,128.00,2025-10-19
Scale,37,130.00,2025-11-05
Scale,31,126.00,2025-08-18
Scale,70,122.00,2025-10-01
Scale,6,131.00,2025-09-15
Scale,52,122.00,2025-10-28
Scale,10,126.00,2025-09-19
Scale,33,120.00,2025-11-05
Scale,94,129.00,2025-10-21
Scale,91,122.00,2025-10-10
Scale,2,131.00,2025-09-14
Scale,38,123.00,2025-08-26
Scale,75,130.00,2025-08-13
Scale,81,129.00,2025-08-12
Scale,67,118.00,2025-08-14
Scale,38,122.00,2025-08-12
Scale,55,124.00,2025-08-16
Scale,97,118.00,2025-09-26
Scale,3,122.00,2025-11-01
Scale,52,131.00,2025-09-09
Scale,24,123.00,2025-10-16
Scale,43,119.00,2025-10-31
Scale,71,120.00,2025-08-27
Scale,57,129.00,2025-10-21
Scale,6,121.00,2025-10-29
Scale,100,117.00,2025-10-25
Scale,52,120.00,2025-10-10
Scale,46,122.00,2025-08-15
Scale,46,127.00,2025-08-09
Scale,39,122.00,2025-09-12
Scale,18,121.00,2025-08-22
Scale,35,122.00,2025-08-28
Scale,79,120.00,2025-10-06
Scale,70,124.00,2025-09-19
Scale,94,117.00,2025-08-26
Scale,92,124.00,2025-09-16
Scale,13,117.00,2025-09-20
Scale,69,129.00,2025-11-01
Marker,7,186.00,2025-10-27
Marker,74,185.00,2025-09-29
Marker,3,185.00,2025-09-06
Marker,16,190.00,2025-08-14
Marker,3,186.00,2025-09-15
Marker,11,189.00,2025-09-25
Marker,71,178.00,2025-08-20
Marker,45,181.00,2025-08-21
Marker,93,191.00,2025-09-13
Marker,25,177.00,2025-10-06
Marker,75,184.00,2025-09-04
Marker,50,189.00,2025-10-27
Marker,77,186.00,2025-10-21
Marker,26,177.00,2025-09-07
Marker,33,180.00,2025-09-02
Marker,94,184.00,2025-08-08
Marker,25,191.00,2025-09-02
Marker,30,191.00,2025-08-08
Marker,12,188.00,2025-09-18
Marker,46,183.00,2025-10-12
Marker,69,190.00,2025-08-31
Marker,73,182.00,2025-11-06
Marker,66,183.00,2025-10-25
Marker,11,185.00,2025-08-15
Marker,32,182.00,2025-09-29
Marker,88,190.00,2025-09-03
Marker,40,192.00,2025-09-10
Marker,40,186.00,2025-11-05
Marker,30,189.00,2025-10-12
Marker,3,180.00,2025-09-27
Marker,94,183.00,2025-09-26
Marker,2,185.00,2025-08-15
Marker,51,188.00,2025-10-31
Marker,92,179.00,2025-09-20
Marker,20,182.00,2025-09-07
Marker,86,192.00,2025-08-09
Marker,89,182.00,2025-11-01
Marker,100,177.00,2025-08-11
Marker,98,183.00,2025-11-04
Marker,45,177.00,2025-10-22
Marker,99,183.00,2025-10-22
Marker,28,190.00,2025-11-02
Marker,58,189.00,2025-09-08
Marker,83,182.00,2025-10-16
Marker,77,191.00,2025-09-29
Marker,36,179.00,2025-09-06
Marker,31,185.00,2025-09-27
Marker,83,189.00,2025-11-02
Marker,63,189.00,2025-08-30
Marker,68,192.00,2025-10-22
Marker,27,191.00,2025-11-04
Marker,81,190.00,2025-10-09
Marker,23,190.00,2025-10-07
Marker,12,179.00,2025-09-13
Marker,29,188.00,2025-09-01
Marker,23,188.00,2025-08-15
Marker,84,190.00,2025-10-14
Marker,71,192.00,2025-10-12
Marker,17,186.00,2025-09-26
Marker,55,184.00,2025-08-08
Highlighter,92,162.00,2025-11-05
Highlighter,68,171.00,2025-09-27
Highlighter,85,167.00,2025-08-15
Highlighter,50,172.00,2025-09-14
Highlighter,86,159.00,2025-10-18
Highlighter,34,171.00,2025-09-24
Highlighter,95,169.00,2025-11-03
Highlighter,31,164.00,2025-10-20
Highlighter,55,168.00,2025-09-08
Highlighter,62,170.00,2025-09-12
Highlighter,23,169.00,2025-08-08
Highlighter,88,163.00,2025-08-20
Highlighter,6,167.00,2025-10-30
Highlighter,79,167.00,2025-08-08
Highlighter,55,167.00,2025-09-22
Highlighter,10,168.00,2025-08-21
Highlighter,48,170.00,2025-09-19
Highlighter,69,169.00,2025-09-17
Highlighter,100,163.00,2025-08-16
Highlighter,46,157.00,2025-09-28
Highlighter,72,164.00,2025-10-20
Highlighter,55,161.00,2025-08-15
Highlighter,96,170.00,2025-10-25
Highlighter,6,172.00,2025-10-15
Highlighter,39,169.00,2025-09-04
Highlighter,29,162.00,2025-09-26
Highlighter,98,167.00,2025-10-06
Highlighter,55,162.00,2025-11-03
Highlighter,34,166.00,2025-09-09
Highlighter,40,161.00,2025-10-03
Highlighter,53,168.00,2025-10-25
Highlighter,29,166.00,2025-09-17
Highlighter,44,169.00,2025-09-08
Highlighter,25,157.00,2025-09-17
Highlighter,35,171.00,2025-09-25
Highlighter,49,158.00,2025-09-24
Highlighter,88,160.00,2025-10-08
Highlighter,90,167.00,2025-09-21
Highlighter,87,157.00,2025-11-03
Highlighter,61,172.00,2025-09-30
Highlighter,67,160.00,2025-08-17
Highlighter,60,170.00,2025-10-20
Highlighter,22,171.00,2025-11-05
Highlighter,73,157.00,2025-10-11
Highlighter,92,159.00,2025-11-01
Highlighter,30,158.00,2025-10-13
Highlighter,87,158.00,2025-09-20
Highlighter,18,157.00,2025-08-30
Highlighter,16,158.00,2025-10-04
Highlighter,33,170.00,2025-09-21
Highlighter,52,161.00,2025-10-21
Highlighter,34,172.00,2025-09-04
Highlighter,96,172.00,2025-10-21
Highlighter,40,172.00,2025-08-31
Highlighter,5,157.00,2025-09-07
Highlighter,4,164.00,2025-09-08
Highlighter,2,157.00,2025-09-27
Highlighter,16,170.00,2025-09-17
Highlighter,98,161.00,2025-11-03
Highlighter,88,163.00,2025-09-30
Notebook A4,14,126.00,2025-09-08
Notebook A4,93,117.00,2025-08-26
Notebook A4,83,116.00,2025-10-11
Notebook A4,92,116.00,2025-10-22
Notebook A4,80,114.00,2025-10-05
Notebook A4,75,114.00,2025-09-11
Notebook A4,33,117.00,2025-08-08
Notebook A4,86,111.00,2025-09-24
Notebook A4,48,122.00,2025-08-24
Notebook A4,85,122.00,2025-09-10
Notebook A4,12,113.00,2025-11-05
Notebook A4,24,117.00,2025-10-26
Notebook A4,72,124.00,2025-09-10
Notebook A4,67,125.00,2025-10-21
Notebook A4,81,119.00,2025-10-12
Notebook A4,2,123.00,2025-09-25
Notebook A4,57,118.00,2025-11-01
Notebook A4,77,118.00,2025-09-25
Notebook A4,5,123.00,2025-11-03
Notebook A4,72,121.00,2025-09-01
Notebook A4,100,123.00,2025-09-25
Notebook A4,64,116.00,2025-08-24
Notebook A4,94,111.00,2025-10-18
Notebook A4,84,113.00,2025-10-14
Notebook A4,68,113.00,2025-11-06
Notebook A4,59,126.00,2025-08-14
Notebook A4,87,115.00,2025-08-23
Notebook A4,83,121.00,2025-11-05
Notebook A4,63,114.00,2025-10-18
Notebook A4,46,114.00,2025-10-15
Notebook A4,90,118.00,2025-11-05
Notebook A4,1,125.00,2025-09-25
Notebook A4,42,118.00,2025-09-30
Notebook A4,85,122.00,2025-09-15
Notebook A4,34,118.00,2025-11-03
Notebook A4,63,113.00,2025-09-30
Notebook A4,29,115.00,2025-09-20
Notebook A4,30,114.00,2025-08-28
Notebook A4,92,116.00,2025-08-23
Notebook A4,67,114.00,2025-08-25
Notebook A4,87,121.00,2025-08-16
Notebook A4,29,118.00,2025-08-10
Notebook A4,42,112.00,2025-09-08
Notebook A4,61,115.00,2025-11-04
Notebook A4,28,118.00,2025-09-26
Notebook A4,46,124.00,2025-11-02
Notebook A4,64,117.00,2025-08-24
Notebook A4,88,120.00,2025-10-09
Notebook A4,27,115.00,2025-10-09
Notebook A4,4,119.00,2025-11-06
Notebook A4,39,114.00,2025-10-19
Notebook A4,76,124.00,2025-10-26
Notebook A4,78,115.00,2025-08-28
Notebook A4,22,122.00,2025-11-04
Notebook A4,43,111.00,2025-08-18
Notebook A4,27,118.00,2025-10-11
Notebook A4,68,121.00,2025-08-20
Notebook A4,70,115.00,2025-08-30
Notebook A4,68,126.00,2025-09-01
Notebook A4,15,117.00,2025-10-22
Notebook Long,84,109.00,2025-09-23
Notebook Long,2,100.00,2025-10-04
Notebook Long,26,108.00,2025-10-03
Notebook Long,36,107.00,2025-10-25
Notebook Long,78,105.00,2025-10-12
Notebook Long,99,104.00,2025-08-18
Notebook Long,78,100.00,2025-10-15
Notebook Long,29,112.00,2025-09-09
Notebook Long,90,98.00,2025-09-05
Notebook Long,8,97.00,2025-09-27
Notebook Long,53,104.00,2025-09-22
Notebook Long,77,106.00,2025-09-05
Notebook Long,38,102.00,2025-08-21
Notebook Long,97,112.00,2025-10-26
Notebook Long,38,112.00,2025-09-19
Notebook Long,7,107.00,2025-10-31
Notebook Long,60,112.00,2025-10-18
Notebook Long,80,108.00,2025-08-13
Notebook Long,6,100.00,2025-09-06
Notebook Long,33,109.00,2025-10-13
Notebook Long,13,103.00,2025-08-29
Notebook Long,26,97.00,2025-10-08
Notebook Long,12,107.00,2025-10-02
Notebook Long,63,102.00,2025-08-09
Notebook Long,96,104.00,2025-09-19
Notebook Long,65,99.00,2025-10-24
Notebook Long,75,102.00,2025-09-19
Notebook Long,31,102.00,2025-10-11
Notebook Long,25,109.00,2025-10-09
Notebook Long,43,102.00,2025-10-30
Notebook Long,94,103.00,2025-10-18
Notebook Long,9,105.00,2025-09-07
Notebook Long,17,98.00,2025-08-25
Notebook Long,21,110.00,2025-10-10
Notebook Long,20,100.00,2025-09-17
Notebook Long,84,102.00,2025-08-20
Notebook Long,31,110.00,2025-11-05
Notebook Long,49,102.00,2025-08-25
Notebook Long,66,109.00,2025-09-14
Notebook Long,91,104.00,2025-10-17
Notebook Long,2,103.00,2025-09-27
Notebook Long,7,106.00,2025-09-14
Notebook Long,26,97.00,2025-09-24
Notebook Long,11,101.00,2025-11-01
Notebook Long,60,111.00,2025-11-03
Notebook Long,77,98.00,2025-10-05
Notebook Long,97,103.00,2025-10-06
Notebook Long,35,101.00,2025-09-15
Notebook Long,85,104.00,2025-10-25
Notebook Long,5,102.00,2025-10-26
Notebook Long,95,112.00,2025-11-04
Notebook Long,70,99.00,2025-10-29
Notebook Long,36,100.00,2025-11-02
Notebook Long,8,111.00,2025-08-28
Notebook Long,15,101.00,2025-10-17
Notebook Long,6,108.00,2025-09-03
Notebook Long,36,104.00,2025-09-15
Notebook Long,28,107.00,2025-09-07
Notebook Long,13,107.00,2025-08-22
Notebook Long,11,100.00,2025-10-26
Diary,6,78.00,2025-08-29
Diary,81,71.00,2025-10-04
Diary,16,76.00,2025-10-11
Diary,28,85.00,2025-10-06
Diary,14,80.00,2025-10-06
Diary,14,77.00,2025-09-04
Diary,49,76.00,2025-08-31
Diary,20,77.00,2025-09-05
Diary,73,78.00,2025-11-06
Diary,51,73.00,2025-09-07
Diary,15,82.00,2025-09-26
Diary,71,82.00,2025-09-07
Diary,23,76.00,2025-10-21
Diary,45,84.00,2025-10-12
Diary,8,76.00,2025-09-15
Diary,31,70.00,2025-09-19
Diary,58,70.00,2025-11-01
Diary,14,82.00,2025-09-01
Diary,98,72.00,2025-10-09
Diary,82,77.00,2025-08-21
Diary,34,85.00,2025-10-25
Diary,43,72.00,2025-09-02
Diary,37,78.00,2025-08-26
Diary,55,78.00,2025-08-29
Diary,51,80.00,2025-09-17
Diary,6,73.00,2025-11-05
Diary,76,73.00,2025-10-21
Diary,49,71.00,2025-08-13
Diary,80,79.00,2025-08-24
Diary,64,80.00,2025-11-06
Diary,82,85.00,2025-09-20
Diary,73,84.00,2025-10-03
Diary,6,74.00,2025-09-07
Diary,35,74.00,2025-10-30
Diary,58,78.00,2025-10-19
Diary,11,80.00,2025-08-12
Diary,19,71.00,2025-10-04
Diary,88,81.00,2025-10-31
Diary,34,70.00,2025-10-28
Diary,99,78.00,2025-10-13
Diary,72,82.00,2025-09-24
Diary,57,83.00,2025-08-24
Diary,12,71.00,2025-09-10
Diary,9,78.00,2025-10-12
Diary,87,71.00,2025-10-12
Diary,10,77.00,2025-08-12
Diary,84,84.00,2025-09-10
Diary,49,78.00,2025-11-04
Diary,35,77.00,2025-08-17
Diary,49,75.00,2025-09-20
Diary,21,71.00,2025-08-16
Diary,81,70.00,2025-09-08
Diary,72,76.00,2025-08-27
Diary,93,79.00,2025-10-08
Diary,63,78.00,2025-08-31
Diary,27,85.00,2025-08-25
Diary,55,73.00,2025-08-15
Diary,5,78.00,2025-10-30
Diary,33,72.00,2025-10-19
Diary,93,81.00,2025-09-10
Stapler,52,220.00,2025-09-30
Stapler,98,210.00,2025-09-06
Stapler,40,223.00,2025-08-08
Stapler,81,218.00,2025-09-29
Stapler,26,225.00,2025-09-30
Stapler,12,220.00,2025-09-06
Stapler,22,211.00,2025-10-02
Stapler,23,217.00,2025-09-19
Stapler,63,214.00,2025-09-17
Stapler,18,212.00,2025-08-20
Stapler,60,213.00,2025-09-13
Stapler,21,225.00,2025-10-16
Stapler,67,216.00,2025-10-06
Stapler,63,222.00,2025-09-09
Stapler,88,213.00,2025-09-11
Stapler,95,210.00,2025-10-31
Stapler,50,217.00,2025-10-30
Stapler,3,212.00,2025-10-11
Stapler,12,215.00,2025-08-22
Stapler,90,214.00,2025-10-13
Stapler,16,214.00,2025-10-21
Stapler,70,217.00,2025-10-04
Stapler,49,225.00,2025-09-17
Stapler,12,215.00,2025-09-15
Stapler,53,210.00,2025-09-24
Stapler,60,221.00,2025-08-25
Stapler,49,220.00,2025-10-05
Stapler,15,225.00,2025-09-09
Stapler,51,225.00,2025-09-10
Stapler,78,211.00,2025-08-10
Stapler,61,225.00,2025-08-18
Stapler,34,222.00,2025-09-21
Stapler,35,213.00,2025-10-21
Stapler,12,223.00,2025-08-11
Stapler,68,225.00,2025-08-20
Stapler,20,224.00,2025-09-02
Stapler,5,219.00,2025-10-06
Stapler,7,212.00,2025-11-02
Stapler,38,217.00,2025-08-18
Stapler,82,222.00,2025-10-16
Stapler,43,212.00,2025-10-29
Stapler,76,210.00,2025-10-26
Stapler,93,213.00,2025-09-25
Stapler,17,210.00,2025-09-09
Stapler,7,221.00,2025-10-05
Stapler,40,223.00,2025-09-16
Stapler,76,217.00,2025-08-11
Stapler,41,224.00,2025-10-18
Stapler,77,223.00,2025-10-31
Stapler,49,216.00,2025-10-10
Stapler,7,218.00,2025-09-19
Stapler,83,218.00,2025-11-02
Stapler,92,225.00,2025-08-24
Stapler,29,212.00,2025-11-04
Stapler,31,221.00,2025-10-19
Stapler,72,211.00,2025-09-17
Stapler,12,216.00,2025-10-17
Stapler,56,213.00,2025-09-26
Stapler,99,218.00,2025-09-24
Stapler,88,211.00,2025-08-22
Staple Pins,39,146.00,2025-10-29
Staple Pins,92,137.00,2025-09-12
Staple Pins,64,143.00,2025-10-25
Staple Pins,79,143.00,2025-09-17
Staple Pins,6,145.00,2025-08-28
Staple Pins,85,139.00,2025-09-27
Staple Pins,31,142.00,2025-09-09
Staple Pins,89,137.00,2025-08-23
Staple Pins,24,150.00,2025-10-31
Staple Pins,44,143.00,2025-09-29
Staple Pins,77,146.00,2025-10-14
Staple Pins,27,152.00,2025-09-19
Staple Pins,87,150.00,2025-09-08
Staple Pins,59,149.00,2025-08-12
Staple Pins,62,142.00,2025-09-02
Staple Pins,14,137.00,2025-09-16
Staple Pins,7,145.00,2025-11-04
Staple Pins,54,140.00,2025-10-20
Staple Pins,5,138.00,2025-10-16
Staple Pins,37,143.00,2025-10-29
Staple Pins,90,144.00,2025-09-11
Staple Pins,28,152.00,2025-11-05
Staple Pins,14,143.00,2025-09-16
Staple Pins,19,140.00,2025-10-17
Staple Pins,10,147.00,2025-11-04
Staple Pins,99,149.00,2025-09-10
Staple Pins,9,144.00,2025-10-12
Staple Pins,49,140.00,2025-10-19
Staple Pins,82,140.00,2025-08-23
Staple Pins,100,143.00,2025-09-19
Staple Pins,51,150.00,2025-10-16
Staple Pins,93,138.00,2025-10-18
Staple Pins,46,137.00,2025-08-28
Staple Pins,21,150.00,2025-10-31
Staple Pins,28,146.00,2025-09-16
Staple Pins,67,141.00,2025-09-08
Staple Pins,22,145.00,2025-11-01
Staple Pins,22,151.00,2025-09-24
Staple Pins,99,144.00,2025-09-08
Staple Pins,23,149.00,2025-09-09
Staple Pins,79,137.00,2025-10-17
Staple Pins,14,147.00,2025-08-18
Staple Pins,47,143.00,2025-09-22
Staple Pins,60,144.00,2025-08-18
Staple Pins,5,145.00,2025-10-07
Staple Pins,94,152.00,2025-09-08
Staple Pins,66,140.00,2025-09-06
Staple Pins,93,145.00,2025-09-11
Staple Pins,12,150.00,2025-10-05
Staple Pins,82,138.00,2025-10-09
Staple Pins,90,143.00,2025-09-06
Staple Pins,25,148.00,2025-09-12
Staple Pins,89,150.00,2025-11-06
Staple Pins,80,150.00,2025-09-09
Staple Pins,27,144.00,2025-10-12
Staple Pins,23,137.00,2025-09-22
Staple Pins,94,142.00,2025-08-15
Staple Pins,53,145.00,2025-09-18
Staple Pins,77,143.00,2025-09-13
Staple Pins,65,149.00,2025-08-13
Paper Clips,21,75.00,2025-08-13
Paper Clips,93,80.00,2025-11-04
Paper Clips,38,80.00,2025-08-13
Paper Clips,37,75.00,2025-09-24
Paper Clips,30,86.00,2025-09-30
Paper Clips,74,82.00,2025-08-20
Paper Clips,37,77.00,2025-09-16
Paper Clips,17,82.00,2025-09-05
Paper Clips,9,81.00,2025-08-23
Paper Clips,8,88.00,2025-09-14
Paper Clips,89,88.00,2025-08-21
Paper Clips,86,83.00,2025-10-08
Paper Clips,25,78.00,2025-09-26
Paper Clips,56,79.00,2025-09-05
Paper Clips,71,88.00,2025-10-28
Paper Clips,45,89.00,2025-10-25
Paper Clips,94,89.00,2025-09-04
Paper Clips,66,76.00,2025-09-04
Paper Clips,56,88.00,2025-08-16
Paper Clips,19,85.00,2025-09-27
Paper Clips,88,81.00,2025-08-31
Paper Clips,22,76.00,2025-10-07
Paper Clips,96,89.00,2025-08-10
Paper Clips,51,88.00,2025-09-09
Paper Clips,15,74.00,2025-10-14
Paper Clips,27,79.00,2025-10-16
Paper Clips,36,75.00,2025-10-20
Paper Clips,60,89.00,2025-09-30
Paper Clips,35,84.00,2025-08-26
Paper Clips,51,84.00,2025-11-02
Paper Clips,53,89.00,2025-10-23
Paper Clips,72,77.00,2025-09-03
Paper Clips,43,74.00,2025-10-07
Paper Clips,22,84.00,2025-08-29
Paper Clips,11,85.00,2025-08-14
Paper Clips,45,80.00,2025-10-01
Paper Clips,12,81.00,2025-10-03
Paper Clips,12,82.00,2025-08-18
Paper Clips,47,80.00,2025-10-07
Paper Clips,48,81.00,2025-11-03
Paper Clips,60,85.00,2025-09-19
Paper Clips,39,87.00,2025-08-25
Paper Clips,6,84.00,2025-10-01
Paper Clips,11,77.00,2025-09-23
Paper Clips,86,74.00,2025-09-27
Paper Clips,23,79.00,2025-08-26
Paper Clips,97,87.00,2025-10-07
Paper Clips,58,84.00,2025-09-22
Paper Clips,3,80.00,2025-09-14
Paper Clips,29,76.00,2025-10-22
Paper Clips,33,75.00,2025-09-05
Paper Clips,10,86.00,2025-08-22
Paper Clips,23,82.00,2025-08-19
Paper Clips,64,74.00,2025-10-12
Paper Clips,31,86.00,2025-10-28
Paper Clips,28,74.00,2025-10-28
Paper Clips,29,84.00,2025-08-13
Paper Clips,68,78.00,2025-09-12
Paper Clips,68,76.00,2025-09-17
Paper Clips,54,76.00,2025-09-13
Binder Clips,28,134.00,2025-09-01
Binder Clips,98,134.00,2025-10-16
Binder Clips,14,128.00,2025-09-25
Binder Clips,87,137.00,2025-09-29
Binder Clips,17,140.00,2025-08-19
Binder Clips,32,141.00,2025-08-11
Binder Clips,93,131.00,2025-09-16
Binder Clips,100,142.00,2025-10-23
Binder Clips,79,140.00,2025-08-24
Binder Clips,8,128.00,2025-09-14
Binder Clips,76,138.00,2025-10-29
Binder Clips,98,140.00,2025-08-20
Binder Clips,25,141.00,2025-10-09
Binder Clips,5,132.00,2025-08-26
Binder Clips,20,132.00,2025-08-20
Binder Clips,38,131.00,2025-10-08
Binder Clips,81,129.00,2025-10-09
Binder Clips,21,142.00,2025-08-15
Binder Clips,59,138.00,2025-10-03
Binder Clips,13,136.00,2025-09-19
Binder Clips,60,133.00,2025-10-05
Binder Clips,97,130.00,2025-08-23
Binder Clips,24,139.00,2025-10-19
Binder Clips,87,131.00,2025-09-20
Binder Clips,80,129.00,2025-09-20
Binder Clips,2,142.00,2025-09-08
Binder Clips,17,131.00,2025-08-26
Binder Clips,14,142.00,2025-10-30
Binder Clips,36,131.00,2025-09-18
Binder Clips,4,133.00,2025-10-21
Binder Clips,4,135.00,2025-08-19
Binder Clips,7,138.00,2025-08-12
Binder Clips,94,137.00,2025-11-05
Binder Clips,41,134.00,2025-10-23
Binder Clips,60,129.00,2025-09-02
Binder Clips,60,138.00,2025-11-05
Binder Clips,11,134.00,2025-10-28
Binder Clips,13,137.00,2025-09-29
Binder Clips,25,127.00,2025-10-23
Binder Clips,64,138.00,2025-09-01
Binder Clips,26,138.00,2025-08-19
Binder Clips,43,139.00,2025-10-05
Binder Clips,79,128.00,2025-10-12
Binder Clips,46,133.00,2025-09-18
Binder Clips,32,132.00,2025-10-15
Binder Clips,83,137.00,2025-09-14
Binder Clips,6,133.00,2025-08-31
Binder Clips,76,136.00,2025-08-11
Binder Clips,79,138.00,2025-08-16
Binder Clips,78,131.00,2025-10-12
Binder Clips,38,132.00,2025-09-04
Binder Clips,51,134.00,2025-10-29
Binder Clips,50,140.00,2025-08-30
Binder Clips,62,133.00,2025-08-30
Binder Clips,29,130.00,2025-09-25
Binder Clips,57,141.00,2025-08-16
Binder Clips,44,140.00,2025-09-26
Binder Clips,16,142.00,2025-09-07
Binder Clips,35,140.00,2025-08-08
Binder Clips,23,137.00,2025-10-04
Glue Stick,68,99.00,2025-11-05
Glue Stick,13,93.00,2025-10-22
Glue Stick,89,93.00,2025-10-31
Glue Stick,95,96.00,2025-09-15
Glue Stick,7,90.00,2025-10-03
Glue Stick,50,90.00,2025-08-10
Glue Stick,57,101.00,2025-09-01
Glue Stick,97,101.00,2025-11-01
Glue Stick,93,99.00,2025-10-01
Glue Stick,11,90.00,2025-11-02
Glue Stick,66,99.00,2025-09-23
Glue Stick,20,92.00,2025-08-28
Glue Stick,60,102.00,2025-09-12
Glue Stick,63,100.00,2025-10-10
Glue Stick,35,98.00,2025-09-05
Glue Stick,32,104.00,2025-10-05
Glue Stick,49,100.00,2025-11-03
Glue Stick,5,100.00,2025-09-17
Glue Stick,63,92.00,2025-08-14
Glue Stick,93,102.00,2025-11-06
Glue Stick,30,90.00,2025-10-10
Glue Stick,8,104.00,2025-09-11
Glue Stick,67,95.00,2025-10-16
Glue Stick,56,99.00,2025-09-17
Glue Stick,62,104.00,2025-10-02
Glue Stick,49,92.00,2025-08-09
Glue Stick,32,93.00,2025-10-24
Glue Stick,73,98.00,2025-09-22
Glue Stick,29,91.00,2025-09-17
Glue Stick,67,101.00,2025-08-23
Glue Stick,44,102.00,2025-11-06
Glue Stick,52,95.00,2025-10-21
Glue Stick,69,96.00,2025-09-19
Glue Stick,4,95.00,2025-08-09
Glue Stick,53,94.00,2025-09-02
Glue Stick,97,89.00,2025-08-27
Glue Stick,82,96.00,2025-09-19
Glue Stick,44,94.00,2025-09-14
Glue Stick,46,100.00,2025-09-25
Glue Stick,41,96.00,2025-08-08
Glue Stick,79,104.00,2025-08-13
Glue Stick,14,100.00,2025-10-29
Glue Stick,40,104.00,2025-10-06
Glue Stick,30,93.00,2025-10-18
Glue Stick,75,98.00,2025-10-24
Glue Stick,75,90.00,2025-10-24
Glue Stick,47,89.00,2025-08-08
Glue Stick,47,89.00,2025-10-03
Glue Stick,13,99.00,2025-10-20
Glue Stick,61,97.00,2025-10-08
Glue Stick,81,91.00,2025-10-14
Glue Stick,85,104.00,2025-09-14
Glue Stick,37,91.00,2025-08-27
Glue Stick,81,93.00,2025-09-20
Glue Stick,7,102.00,2025-10-06
Glue Stick,25,90.00,2025-09-26
Glue Stick,10,90.00,2025-10-01
Glue Stick,73,91.00,2025-09-12
Glue Stick,52,98.00,2025-09-03
Glue Stick,96,95.00,2025-08-18
Fevicol Tube,9,64.00,2025-09-22
Fevicol Tube,44,60.00,2025-10-07
Fevicol Tube,86,58.00,2025-10-23
Fevicol Tube,92,53.00,2025-08-08
Fevicol Tube,42,54.00,2025-09-14
Fevicol Tube,42,55.00,2025-08-11
Fevicol Tube,64,59.00,2025-10-24
Fevicol Tube,72,61.00,2025-08-25
Fevicol Tube,84,59.00,2025-08-26
Fevicol Tube,13,65.00,2025-10-22
Fevicol Tube,62,56.00,2025-10-14
Fevicol Tube,35,57.00,2025-09-04
Fevicol Tube,47,58.00,2025-11-06
Fevicol Tube,21,64.00,2025-08-12
Fevicol Tube,80,54.00,2025-09-20
Fevicol Tube,84,62.00,2025-09-17
Fevicol Tube,90,68.00,2025-09-10
Fevicol Tube,97,67.00,2025-10-17
Fevicol Tube,56,67.00,2025-10-02
Fevicol Tube,95,65.00,2025-08-25
Fevicol Tube,41,65.00,2025-09-30
Fevicol Tube,6,54.00,2025-10-19
Fevicol Tube,30,63.00,2025-08-16
Fevicol Tube,82,65.00,2025-08-16
Fevicol Tube,23,65.00,2025-08-10
Fevicol Tube,85,63.00,2025-09-21
Fevicol Tube,10,59.00,2025-08-12
Fevicol Tube,93,59.00,2025-09-18
Fevicol Tube,25,64.00,2025-10-03
Fevicol Tube,36,67.00,2025-10-17
Fevicol Tube,74,66.00,2025-09-14
Fevicol Tube,45,63.00,2025-10-06
Fevicol Tube,94,67.00,2025-10-06
Fevicol Tube,37,60.00,2025-08-22
Fevicol Tube,98,54.00,2025-08-19
Fevicol Tube,85,61.00,2025-09-13
Fevicol Tube,38,66.00,2025-09-21
Fevicol Tube,63,58.00,2025-08-19
Fevicol Tube,47,68.00,2025-10-03
Fevicol Tube,57,67.00,2025-10-06
Fevicol Tube,43,58.00,2025-09-05
Fevicol Tube,25,60.00,2025-11-03
Fevicol Tube,71,60.00,2025-08-18
Fevicol Tube,49,59.00,2025-08-08
Fevicol Tube,93,53.00,2025-10-04
Fevicol Tube,17,62.00,2025-09-03
Fevicol Tube,29,65.00,2025-10-01
Fevicol Tube,7,58.00,2025-08-25
Fevicol Tube,37,63.00,2025-09-05
Fevicol Tube,51,57.00,2025-10-02
Fevicol Tube,10,58.00,2025-08-09
Fevicol Tube,4,59.00,2025-09-23
Fevicol Tube,42,55.00,2025-10-14
Fevicol Tube,22,56.00,2025-10-17
Fevicol Tube,33,67.00,2025-08-22
Fevicol Tube,75,57.00,2025-10-26
Fevicol Tube,8,67.00,2025-10-24
Fevicol Tube,74,55.00,2025-10-08
Fevicol Tube,2,55.00,2025-10-01
Fevicol Tube,100,67.00,2025-09-15
Whiteboard Duster,97,97.00,2025-08-24
Whiteboard Duster,71,102.00,2025-08-19
Whiteboard Duster,22,105.00,2025-11-04
Whiteboard Duster,12,99.00,2025-08-29
Whiteboard Duster,25,108.00,2025-09-18
Whiteboard Duster,18,103.00,2025-09-02
Whiteboard Duster,85,105.00,2025-08-31
Whiteboard Duster,54,104.00,2025-09-28
Whiteboard Duster,12,101.00,2025-09-17
Whiteboard Duster,76,101.00,2025-11-04
Whiteboard Duster,61,106.00,2025-10-15
Whiteboard Duster,47,104.00,2025-08-25
Whiteboard Duster,26,101.00,2025-08-28
Whiteboard Duster,98,111.00,2025-08-12
Whiteboard Duster,100,103.00,2025-08-25
Whiteboard Duster,66,99.00,2025-10-17
Whiteboard Duster,75,107.00,2025-10-14
Whiteboard Duster,53,99.00,2025-09-09
Whiteboard Duster,70,100.00,2025-10-10
Whiteboard Duster,95,111.00,2025-09-20
Whiteboard Duster,43,98.00,2025-10-07
Whiteboard Duster,91,109.00,2025-10-02
Whiteboard Duster,27,105.00,2025-08-10
Whiteboard Duster,42,107.00,2025-10-09
Whiteboard Duster,85,101.00,2025-09-06
Whiteboard Duster,80,102.00,2025-09-27
Whiteboard Duster,5,99.00,2025-11-04
Whiteboard Duster,31,106.00,2025-08-12
Whiteboard Duster,87,100.00,2025-09-12
Whiteboard Duster,13,107.00,2025-08-24
Whiteboard Duster,97,109.00,2025-09-01
Whiteboard Duster,68,110.00,2025-09-01
Whiteboard Duster,93,104.00,2025-10-07
Whiteboard Duster,93,109.00,2025-11-05
Whiteboard Duster,24,98.00,2025-09-19
Whiteboard Duster,7,109.00,2025-09-17
Whiteboard Duster,97,102.00,2025-09-26
Whiteboard Duster,51,101.00,2025-09-09
Whiteboard Duster,1,112.00,2025-08-28
Whiteboard Duster,42,102.00,2025-10-05
Whiteboard Duster,65,101.00,2025-09-07
Whiteboard Duster,29,101.00,2025-10-28
Whiteboard Duster,7,110.00,2025-08-18
Whiteboard Duster,82,97.00,2025-09-27
Whiteboard Duster,14,105.00,2025-10-07
Whiteboard Duster,53,105.00,2025-08-27
Whiteboard Duster,74,100.00,2025-09-13
Whiteboard Duster,72,111.00,2025-09-14
Whiteboard Duster,38,106.00,2025-09-25
Whiteboard Duster,27,99.00,2025-10-07
Whiteboard Duster,85,110.00,2025-10-26
Whiteboard Duster,20,97.00,2025-09-01
Whiteboard Duster,37,109.00,2025-10-20
Whiteboard Duster,20,102.00,2025-10-04
Whiteboard Duster,43,99.00,2025-10-13
Whiteboard Duster,53,98.00,2025-10-17
Whiteboard Duster,7,98.00,2025-09-10
Whiteboard Duster,7,109.00,2025-11-02
Whiteboard Duster,15,109.00,2025-09-23
Whiteboard Duster,17,108.00,2025-08-26
Whiteboard Marker,20,122.00,2025-10-10
Whiteboard Marker,82,115.00,2025-11-03
Whiteboard Marker,98,125.00,2025-09-25
Whiteboard Marker,40,123.00,2025-08-25
Whiteboard Marker,62,119.00,2025-09-22
Whiteboard Marker,46,117.00,2025-09-08
Whiteboard Marker,5,119.00,2025-08-12
Whiteboard Marker,59,115.00,2025-08-08
Whiteboard Marker,7,118.00,2025-08-28
Whiteboard Marker,59,113.00,2025-10-01
Whiteboard Marker,34,122.00,2025-08-24
Whiteboard Marker,6,123.00,2025-10-12
Whiteboard Marker,73,118.00,2025-10-14
Whiteboard Marker,66,110.00,2025-09-11
Whiteboard Marker,11,124.00,2025-09-04
Whiteboard Marker,5,116.00,2025-10-16
Whiteboard Marker,31,114.00,2025-10-04
Whiteboard Marker,67,114.00,2025-09-15
Whiteboard Marker,84,125.00,2025-08-13
Whiteboard Marker,42,111.00,2025-11-03
Whiteboard Marker,78,122.00,2025-09-18
Whiteboard Marker,7,116.00,2025-08-11
Whiteboard Marker,40,116.00,2025-09-03
Whiteboard Marker,69,115.00,2025-10-14
Whiteboard Marker,14,111.00,2025-09-13
Whiteboard Marker,16,116.00,2025-08-28
Whiteboard Marker,48,116.00,2025-09-01
Whiteboard Marker,50,115.00,2025-08-16
Whiteboard Marker,94,113.00,2025-09-29
Whiteboard Marker,43,125.00,2025-09-05
Whiteboard Marker,44,112.00,2025-09-30
Whiteboard Marker,72,114.00,2025-10-10
Whiteboard Marker,27,123.00,2025-10-22
Whiteboard Marker,8,118.00,2025-09-04
Whiteboard Marker,37,123.00,2025-08-19
Whiteboard Marker,11,111.00,2025-09-21
Whiteboard Marker,91,116.00,2025-08-09
Whiteboard Marker,97,117.00,2025-10-05
Whiteboard Marker,85,112.00,2025-09-22
Whiteboard Marker,48,118.00,2025-09-09
Whiteboard Marker,65,110.00,2025-08-14
Whiteboard Marker,55,124.00,2025-10-13
Whiteboard Marker,47,117.00,2025-09-06
Whiteboard Marker,73,123.00,2025-09-20
Whiteboard Marker,28,110.00,2025-11-02
Whiteboard Marker,100,112.00,2025-09-29
Whiteboard Marker,90,122.00,2025-09-05
Whiteboard Marker,70,115.00,2025-10-12
Whiteboard Marker,17,125.00,2025-09-12
Whiteboard Marker,56,111.00,2025-08-09
Whiteboard Marker,6,124.00,2025-09-21
Whiteboard Marker,28,113.00,2025-08-16
Whiteboard Marker,93,114.00,2025-09-29
Whiteboard Marker,94,116.00,2025-10-09
Whiteboard Marker,80,117.00,2025-10-02
Whiteboard Marker,36,125.00,2025-09-30
Whiteboard Marker,15,125.00,2025-10-31
Whiteboard Marker,56,114.00,2025-09-07
Whiteboard Marker,9,115.00,2025-08-26
Whiteboard Marker,74,122.00,2025-10-03
Permanent Marker,36,137.00,2025-09-20
Permanent Marker,99,132.00,2025-10-29
Permanent Marker,58,123.00,2025-10-20
Permanent Marker,3,133.00,2025-09-20
Permanent Marker,94,129.00,2025-09-08
Permanent Marker,6,136.00,2025-08-10
Permanent Marker,13,134.00,2025-10-27
Permanent Marker,43,129.00,2025-09-14
Permanent Marker,41,126.00,2025-11-02
Permanent Marker,18,127.00,2025-10-22
Permanent Marker,9,136.00,2025-10-10
Permanent Marker,99,123.00,2025-09-22
Permanent Marker,61,122.00,2025-08-18
Permanent Marker,90,134.00,2025-09-16
Permanent Marker,97,128.00,2025-09-05
Permanent Marker,14,123.00,2025-10-28
Permanent Marker,46,129.00,2025-09-30
Permanent Marker,79,137.00,2025-11-02
Permanent Marker,49,123.00,2025-08-31
Permanent Marker,73,129.00,2025-08-24
Permanent Marker,50,137.00,2025-08-23
Permanent Marker,59,124.00,2025-09-09
Permanent Marker,24,132.00,2025-09-14
Permanent Marker,67,126.00,2025-10-11
Permanent Marker,13,129.00,2025-08-26
Permanent Marker,22,134.00,2025-10-11
Permanent Marker,87,133.00,2025-10-25
Permanent Marker,87,129.00,2025-09-30
Permanent Marker,53,134.00,2025-08-15
Permanent Marker,57,125.00,2025-08-22
Permanent Marker,97,122.00,2025-08-19
Permanent Marker,88,123.00,2025-08-08
Permanent Marker,48,130.00,2025-08-11
Permanent Marker,77,124.00,2025-08-16
Permanent Marker,14,129.00,2025-08-12
Permanent Marker,91,132.00,2025-09-11
Permanent Marker,7,134.00,2025-11-04
Permanent Marker,72,133.00,2025-10-02
Permanent Marker,34,133.00,2025-08-20
Permanent Marker,67,128.00,2025-11-04
Permanent Marker,90,135.00,2025-09-21
Permanent Marker,12,122.00,2025-09-23
Permanent Marker,11,130.00,2025-10-15
Permanent Marker,30,124.00,2025-10-15
Permanent Marker,14,137.00,2025-08-25
Permanent Marker,83,126.00,2025-09-02
Permanent Marker,43,131.00,2025-11-05
Permanent Marker,68,127.00,2025-10-05
Permanent Marker,19,126.00,2025-10-04
Permanent Marker,8,125.00,2025-10-19
Permanent Marker,99,132.00,2025-08-29
Permanent Marker,97,133.00,2025-09-06
Permanent Marker,93,137.00,2025-09-27
Permanent Marker,61,137.00,2025-08-16
Permanent Marker,96,127.00,2025-08-13
Permanent Marker,100,122.00,2025-10-18
Permanent Marker,5,129.00,2025-08-15
Permanent Marker,29,132.00,2025-08-08
Permanent Marker,20,136.00,2025-09-05
Permanent Marker,59,133.00,2025-09-11
Sketch Pen Set,14,212.00,2025-08-27
Sketch Pen Set,3,208.00,2025-09-04
Sketch Pen Set,75,206.00,2025-11-04
Sketch Pen Set,29,218.00,2025-09-22
Sketch Pen Set,24,209.00,2025-09-25
Sketch Pen Set,64,214.00,2025-09-20
Sketch Pen Set,15,212.00,2025-10-09
Sketch Pen Set,80,214.00,2025-09-15
Sketch Pen Set,42,215.00,2025-10-31
Sketch Pen Set,85,210.00,2025-10-23
Sketch Pen Set,56,211.00,2025-09-28
Sketch Pen Set,76,212.00,2025-09-01
Sketch Pen Set,13,208.00,2025-10-19
Sketch Pen Set,17,210.00,2025-08-31
Sketch Pen Set,7,213.00,2025-09-22
Sketch Pen Set,92,215.00,2025-10-15
Sketch Pen Set,68,208.00,2025-08-28
Sketch Pen Set,100,206.00,2025-09-29
Sketch Pen Set,48,204.00,2025-08-21
Sketch Pen Set,50,216.00,2025-09-28
Sketch Pen Set,7,206.00,2025-10-18
Sketch Pen Set,27,204.00,2025-10-09
Sketch Pen Set,61,208.00,2025-11-03
Sketch Pen Set,3,209.00,2025-10-19
Sketch Pen Set,76,218.00,2025-09-30
Sketch Pen Set,62,216.00,2025-10-25
Sketch Pen Set,20,204.00,2025-10-27
Sketch Pen Set,14,206.00,2025-09-27
Sketch Pen Set,19,209.00,2025-08-16
Sketch Pen Set,92,212.00,2025-08-28
Sketch Pen Set,80,206.00,2025-08-09
Sketch Pen Set,36,214.00,2025-10-26
Sketch Pen Set,3,217.00,2025-08-23
Sketch Pen Set,52,208.00,2025-10-05
Sketch Pen Set,18,208.00,2025-10-28
Sketch Pen Set,6,215.00,2025-10-23
Sketch Pen Set,96,203.00,2025-09-25
Sketch Pen Set,17,209.00,2025-08-12
Sketch Pen Set,32,218.00,2025-10-25
Sketch Pen Set,4,206.00,2025-10-02
Sketch Pen Set,16,213.00,2025-08-28
Sketch Pen Set,92,216.00,2025-09-09
Sketch Pen Set,69,211.00,2025-08-24
Sketch Pen Set,51,206.00,2025-09-23
Sketch Pen Set,67,204.00,2025-08-25
Sketch Pen Set,35,218.00,2025-09-07
Sketch Pen Set,95,212.00,2025-11-01
Sketch Pen Set,20,217.00,2025-09-03
Sketch Pen Set,52,207.00,2025-09-11
Sketch Pen Set,85,204.00,2025-09-04
Sketch Pen Set,40,218.00,2025-11-05
Sketch Pen Set,38,211.00,2025-08-13
Sketch Pen Set,31,214.00,2025-11-04
Sketch Pen Set,96,214.00,2025-10-03
Sketch Pen Set,77,215.00,2025-10-01
Sketch Pen Set,72,203.00,2025-08-25
Sketch Pen Set,51,218.00,2025-09-23
Sketch Pen Set,83,218.00,2025-10-27
Sketch Pen Set,11,211.00,2025-09-19
Sketch Pen Set,56,216.00,2025-10-20
Color Pencils,28,196.00,2025-08-08
Color Pencils,6,202.00,2025-08-17
Color Pencils,37,196.00,2025-08-13
Color Pencils,86,194.00,2025-09-21
Color Pencils,45,193.00,2025-10-15
Color Pencils,18,195.00,2025-09-04
Color Pencils,8,192.00,2025-10-26
Color Pencils,34,201.00,2025-09-26
Color Pencils,65,206.00,2025-10-12
Color Pencils,96,193.00,2025-09-05
Color Pencils,37,203.00,2025-09-18
Color Pencils,77,206.00,2025-10-09
Color Pencils,18,192.00,2025-08-16
Color Pencils,72,197.00,2025-08-30
Color Pencils,13,201.00,2025-10-16
Color Pencils,18,200.00,2025-09-23
Color Pencils,10,200.00,2025-09-18
Color Pencils,53,206.00,2025-11-05
Color Pencils,63,199.00,2025-08-15
Color Pencils,97,203.00,2025-08-10
Color Pencils,42,205.00,2025-09-14
Color Pencils,2,199.00,2025-09-10
Color Pencils,99,201.00,2025-09-24
Color Pencils,95,198.00,2025-08-21
Color Pencils,83,197.00,2025-09-16
Color Pencils,59,191.00,2025-08-25
Color Pencils,9,200.00,2025-10-25
Color Pencils,48,196.00,2025-10-23
Color Pencils,77,204.00,2025-09-06
Color Pencils,54,193.00,2025-11-05
Color Pencils,62,205.00,2025-08-14
Color Pencils,9,197.00,2025-09-18
Color Pencils,81,192.00,2025-09-29
Color Pencils,9,203.00,2025-08-30
Color Pencils,63,197.00,2025-10-29
Color Pencils,74,193.00,2025-08-11
Color Pencils,25,206.00,2025-08-23
Color Pencils,67,203.00,2025-09-23
Color Pencils,59,206.00,2025-09-18
Color Pencils,84,206.00,2025-09-16
Color Pencils,32,200.00,2025-09-21
Color Pencils,85,201.00,2025-10-29
Color Pencils,34,195.00,2025-08-30
Color Pencils,82,201.00,2025-09-26
Color Pencils,42,193.00,2025-09-01
Color Pencils,85,205.00,2025-08-14
Color Pencils,18,196.00,2025-08-25
Color Pencils,29,198.00,2025-10-20
Color Pencils,6,193.00,2025-10-29
Color Pencils,77,206.00,2025-09-17
Color Pencils,67,201.00,2025-09-13
Color Pencils,17,196.00,2025-10-21
Color Pencils,29,202.00,2025-09-18
Color Pencils,9,191.00,2025-08-15
Color Pencils,97,200.00,2025-09-02
Color Pencils,77,205.00,2025-10-26
Color Pencils,94,196.00,2025-08-12
Color Pencils,45,196.00,2025-10-27
Color Pencils,53,199.00,2025-10-12
Color Pencils,64,201.00,2025-09-20
Drawing Book,65,165.00,2025-08-25
Drawing Book,17,172.00,2025-11-05
Drawing Book,25,163.00,2025-09-25
Drawing Book,93,170.00,2025-09-13
Drawing Book,2,165.00,2025-10-23
Drawing Book,88,172.00,2025-08-28
Drawing Book,16,169.00,2025-10-19
Drawing Book,71,163.00,2025-08-14
Drawing Book,85,168.00,2025-09-19
Drawing Book,37,168.00,2025-09-24
Drawing Book,61,169.00,2025-10-26
Drawing Book,46,171.00,2025-09-17
Drawing Book,27,164.00,2025-09-12
Drawing Book,98,171.00,2025-10-20
Drawing Book,79,160.00,2025-09-03
Drawing Book,7,165.00,2025-08-28
Drawing Book,72,162.00,2025-08-29
Drawing Book,100,173.00,2025-09-06
Drawing Book,56,174.00,2025-11-01
Drawing Book,69,162.00,2025-10-16
Drawing Book,66,165.00,2025-08-13
Drawing Book,94,169.00,2025-10-10
Drawing Book,17,174.00,2025-10-02
Drawing Book,89,171.00,2025-11-04
Drawing Book,26,172.00,2025-09-26
Drawing Book,46,165.00,2025-09-17
Drawing Book,17,162.00,2025-10-08
Drawing Book,66,170.00,2025-08-13
Drawing Book,32,164.00,2025-09-29
Drawing Book,78,161.00,2025-09-04
Drawing Book,81,166.00,2025-08-26
Drawing Book,90,169.00,2025-10-17
Drawing Book,1,167.00,2025-10-23
Drawing Book,75,174.00,2025-08-30
Drawing Book,46,166.00,2025-10-14
Drawing Book,42,164.00,2025-09-25
Drawing Book,77,165.00,2025-10-06
Drawing Book,52,165.00,2025-09-30
Drawing Book,14,162.00,2025-08-16
Drawing Book,13,174.00,2025-09-17
Drawing Book,38,161.00,2025-10-08
Drawing Book,18,171.00,2025-10-26
Drawing Book,61,175.00,2025-09-19
Drawing Book,5,171.00,2025-10-20
Drawing Book,38,174.00,2025-09-10
Drawing Book,15,174.00,2025-10-30
Drawing Book,52,175.00,2025-10-17
Drawing Book,1,165.00,2025-09-23
Drawing Book,20,175.00,2025-09-15
Drawing Book,51,173.00,2025-08-16
Drawing Book,94,168.00,2025-09-12
Drawing Book,25,173.00,2025-10-07
Drawing Book,20,169.00,2025-11-04
Drawing Book,21,175.00,2025-11-05
Drawing Book,37,171.00,2025-10-07
Drawing Book,4,172.00,2025-09-04
Drawing Book,15,162.00,2025-10-14
Drawing Book,71,167.00,2025-08-20
Drawing Book,51,163.00,2025-09-07
Drawing Book,53,172.00,2025-09-26
A4 Paper Pack,65,103.00,2025-08-11
A4 Paper Pack,77,113.00,2025-10-27
A4 Paper Pack,26,108.00,2025-09-24
A4 Paper Pack,85,107.00,2025-10-22
A4 Paper Pack,20,104.00,2025-10-11
A4 Paper Pack,55,103.00,2025-09-05
A4 Paper Pack,38,110.00,2025-10-08
A4 Paper Pack,56,107.00,2025-10-30
A4 Paper Pack,60,108.00,2025-10-03
A4 Paper Pack,63,101.00,2025-09-02
A4 Paper Pack,1,100.00,2025-09-09
A4 Paper Pack,9,115.00,2025-08-22
A4 Paper Pack,21,112.00,2025-09-23
A4 Paper Pack,22,107.00,2025-11-04
A4 Paper Pack,44,107.00,2025-10-08
A4 Paper Pack,31,114.00,2025-11-04
A4 Paper Pack,16,105.00,2025-08-27
A4 Paper Pack,84,103.00,2025-08-27
A4 Paper Pack,79,107.00,2025-10-10
A4 Paper Pack,85,106.00,2025-09-12
A4 Paper Pack,65,100.00,2025-08-27
A4 Paper Pack,80,114.00,2025-09-13
A4 Paper Pack,44,103.00,2025-10-29
A4 Paper Pack,87,115.00,2025-08-08
A4 Paper Pack,60,100.00,2025-08-09
A4 Paper Pack,67,103.00,2025-10-10
A4 Paper Pack,55,106.00,2025-10-15
A4 Paper Pack,27,106.00,2025-08-16
A4 Paper Pack,43,107.00,2025-09-14
A4 Paper Pack,99,104.00,2025-08-16
A4 Paper Pack,38,100.00,2025-09-18
A4 Paper Pack,81,109.00,2025-10-06
A4 Paper Pack,89,101.00,2025-08-28
A4 Paper Pack,40,113.00,2025-10-27
A4 Paper Pack,15,103.00,2025-09-07
A4 Paper Pack,33,107.00,2025-09-17
A4 Paper Pack,89,112.00,2025-10-17
A4 Paper Pack,36,102.00,2025-10-10
A4 Paper Pack,64,102.00,2025-10-07
A4 Paper Pack,83,102.00,2025-10-23
A4 Paper Pack,91,112.00,2025-09-05
A4 Paper Pack,76,105.00,2025-11-02
A4 Paper Pack,62,109.00,2025-11-05
A4 Paper Pack,91,113.00,2025-08-08
A4 Paper Pack,93,105.00,2025-10-12
A4 Paper Pack,15,100.00,2025-10-18
A4 Paper Pack,45,101.00,2025-11-03
A4 Paper Pack,93,112.00,2025-10-16
A4 Paper Pack,86,111.00,2025-10-02
A4 Paper Pack,12,112.00,2025-11-03
A4 Paper Pack,75,107.00,2025-10-24
A4 Paper Pack,38,110.00,2025-09-01
A4 Paper Pack,6,102.00,2025-08-26
A4 Paper Pack,46,111.00,2025-09-12
A4 Paper Pack,75,111.00,2025-10-11
A4 Paper Pack,34,102.00,2025-10-04
A4 Paper Pack,45,108.00,2025-10-07
A4 Paper Pack,25,109.00,2025-11-03
A4 Paper Pack,20,115.00,2025-09-06
A4 Paper Pack,15,106.00,2025-10-31
File Folder,23,219.00,2025-09-08
File Folder,99,206.00,2025-10-06
File Folder,97,207.00,2025-10-21
File Folder,5,207.00,2025-08-19
File Folder,51,206.00,2025-10-29
File Folder,82,219.00,2025-10-26
File Folder,100,208.00,2025-10-21
File Folder,81,213.00,2025-08-17
File Folder,79,207.00,2025-10-19
File Folder,50,208.00,2025-09-10
File Folder,16,209.00,2025-11-03
File Folder,85,209.00,2025-10-25
File Folder,58,221.00,2025-09-04
File Folder,63,216.00,2025-10-31
File Folder,30,217.00,2025-08-27
File Folder,6,211.00,2025-09-20
File Folder,88,219.00,2025-08-23
File Folder,86,206.00,2025-09-08
File Folder,84,217.00,2025-09-22
File Folder,40,210.00,2025-10-25
File Folder,71,210.00,2025-08-08
File Folder,15,217.00,2025-11-04
File Folder,54,214.00,2025-09-17
File Folder,49,210.00,2025-09-01
File Folder,43,220.00,2025-09-18
File Folder,6,213.00,2025-09-26
File Folder,93,221.00,2025-09-22
File Folder,2,217.00,2025-08-15
File Folder,33,219.00,2025-10-04
File Folder,11,213.00,2025-08-25
File Folder,79,209.00,2025-08-14
File Folder,51,211.00,2025-09-17
File Folder,2,217.00,2025-09-01
File Folder,15,214.00,2025-10-10
File Folder,33,212.00,2025-09-14
File Folder,27,220.00,2025-09-29
File Folder,14,213.00,2025-08-24
File Folder,83,221.00,2025-10-11
File Folder,66,213.00,2025-08-09
File Folder,96,209.00,2025-09-26
File Folder,9,209.00,2025-10-25
File Folder,19,207.00,2025-08-16
File Folder,21,207.00,2025-09-14
File Folder,46,213.00,2025-10-31
File Folder,19,207.00,2025-08-21
File Folder,92,211.00,2025-10-13
File Folder,99,208.00,2025-08-19
File Folder,14,211.00,2025-08-22
File Folder,68,208.00,2025-10-04
File Folder,71,218.00,2025-09-14
File Folder,30,207.00,2025-09-21
File Folder,86,216.00,2025-11-04
File Folder,65,218.00,2025-08-23
File Folder,17,214.00,2025-11-05
File Folder,65,215.00,2025-11-04
File Folder,87,207.00,2025-10-30
File Folder,75,219.00,2025-08-16
File Folder,34,219.00,2025-09-16
File Folder,3,207.00,2025-08-18
File Folder,14,208.00,2025-09-23
Document Holder,23,68.00,2025-09-13
Document Holder,43,66.00,2025-09-16
Document Holder,8,74.00,2025-08-13
Document Holder,22,61.00,2025-10-13
Document Holder,85,71.00,2025-10-20
Document Holder,72,73.00,2025-09-17
Document Holder,98,61.00,2025-08-11
Document Holder,43,67.00,2025-10-11
Document Holder,91,67.00,2025-10-02
Document Holder,16,62.00,2025-10-03
Document Holder,18,62.00,2025-11-05
Document Holder,9,68.00,2025-09-02
Document Holder,61,67.00,2025-10-10
Document Holder,8,68.00,2025-10-02
Document Holder,22,68.00,2025-11-05
Document Holder,75,75.00,2025-09-09
Document Holder,76,70.00,2025-09-29
Document Holder,29,75.00,2025-09-11
Document Holder,81,61.00,2025-08-14
Document Holder,96,71.00,2025-09-15
Document Holder,29,70.00,2025-10-13
Document Holder,66,74.00,2025-09-05
Document Holder,56,62.00,2025-10-29
Document Holder,8,60.00,2025-09-25
Document Holder,90,60.00,2025-09-24
Document Holder,97,75.00,2025-08-09
Document Holder,75,67.00,2025-09-04
Document Holder,67,72.00,2025-09-28
Document Holder,40,61.00,2025-10-29
Document Holder,97,65.00,2025-09-10
Document Holder,56,65.00,2025-09-13
Document Holder,41,73.00,2025-08-26
Document Holder,90,67.00,2025-09-11
Document Holder,56,70.00,2025-09-12
Document Holder,30,63.00,2025-09-10
Document Holder,11,65.00,2025-08-27
Document Holder,87,67.00,2025-08-27
Document Holder,8,62.00,2025-09-07
Document Holder,97,70.00,2025-10-02
Document Holder,27,62.00,2025-09-25
Document Holder,65,73.00,2025-10-08
Document Holder,62,71.00,2025-09-30
Document Holder,57,67.00,2025-08-30
Document Holder,20,70.00,2025-09-11
Document Holder,34,68.00,2025-10-07
Document Holder,50,60.00,2025-10-11
Document Holder,4,61.00,2025-10-10
Document Holder,68,61.00,2025-09-05
Document Holder,31,74.00,2025-10-18
Document Holder,96,67.00,2025-10-16
Document Holder,52,64.00,2025-09-28
Document Holder,21,74.00,2025-09-27
Document Holder,3,60.00,2025-09-01
Document Holder,89,66.00,2025-09-12
Document Holder,2,68.00,2025-08-11
Document Holder,48,73.00,2025-08-13
Document Holder,63,72.00,2025-09-27
Document Holder,17,60.00,2025-09-27
Document Holder,68,64.00,2025-08-17
Document Holder,76,67.00,2025-10-14
Calculator,23,100.00,2025-10-26
Calculator,78,95.00,2025-10-27
Calculator,17,94.00,2025-08-31
Calculator,36,103.00,2025-09-27
Calculator,31,95.00,2025-09-15
Calculator,23,100.00,2025-10-26
Calculator,44,100.00,2025-11-03
Calculator,28,98.00,2025-10-14
Calculator,93,99.00,2025-09-16
Calculator,78,95.00,2025-09-14
Calculator,11,101.00,2025-11-06
Calculator,17,100.00,2025-10-31
Calculator,42,106.00,2025-10-18
Calculator,26,104.00,2025-10-02
Calculator,94,105.00,2025-08-15
Calculator,70,107.00,2025-10-19
Calculator,15,106.00,2025-10-31
Calculator,1,94.00,2025-08-26
Calculator,85,92.00,2025-11-06
Calculator,45,104.00,2025-09-15
Calculator,41,107.00,2025-10-29
Calculator,80,102.00,2025-08-12
Calculator,3,104.00,2025-11-01
Calculator,10,96.00,2025-10-03
Calculator,38,96.00,2025-08-14
Calculator,75,102.00,2025-10-27
Calculator,71,101.00,2025-10-26
Calculator,68,94.00,2025-10-01
Calculator,6,95.00,2025-10-05
Calculator,36,104.00,2025-09-30
Calculator,88,99.00,2025-10-31
Calculator,92,101.00,2025-11-04
Calculator,33,95.00,2025-11-01
Calculator,40,107.00,2025-09-14
Calculator,40,105.00,2025-10-16
Calculator,82,92.00,2025-08-17
Calculator,20,98.00,2025-10-29
Calculator,62,93.00,2025-08-09
Calculator,82,98.00,2025-10-17
Calculator,6,106.00,2025-08-11
Calculator,64,94.00,2025-10-19
Calculator,76,92.00,2025-10-13
Calculator,10,106.00,2025-09-16
Calculator,26,100.00,2025-09-05
Calculator,15,103.00,2025-08-27
Calculator,4,95.00,2025-09-18
Calculator,26,106.00,2025-10-19
Calculator,28,97.00,2025-10-08
Calculator,53,103.00,2025-10-23
Calculator,76,100.00,2025-09-30
Calculator,96,102.00,2025-10-28
Calculator,91,97.00,2025-08-17
Calculator,83,107.00,2025-09-20
Calculator,80,94.00,2025-11-04
Calculator,45,105.00,2025-09-26
Calculator,77,101.00,2025-09-10
Calculator,61,107.00,2025-09-21
Calculator,58,103.00,2025-09-19
Calculator,52,96.00,2025-08-13
Calculator,75,96.00,2025-10-21
Scissors,21,54.00,2025-08-19
Scissors,77,54.00,2025-09-14
Scissors,78,55.00,2025-09-04
Scissors,99,47.00,2025-09-26
Scissors,13,59.00,2025-09-27
Scissors,3,49.00,2025-08-30
Scissors,14,50.00,2025-08-29
Scissors,94,52.00,2025-10-31
Scissors,84,57.00,2025-08-31
Scissors,99,55.00,2025-09-10
Scissors,30,55.00,2025-10-17
Scissors,12,55.00,2025-10-16
Scissors,44,46.00,2025-09-16
Scissors,58,51.00,2025-11-03
Scissors,16,47.00,2025-09-24
Scissors,77,59.00,2025-11-02
Scissors,12,45.00,2025-08-26
Scissors,63,48.00,2025-10-31
Scissors,33,52.00,2025-08-29
Scissors,23,52.00,2025-08-22
Scissors,12,49.00,2025-09-29
Scissors,31,57.00,2025-08-28
Scissors,35,55.00,2025-08-21
Scissors,7,60.00,2025-09-17
Scissors,87,45.00,2025-08-09
Scissors,90,45.00,2025-10-22
Scissors,42,48.00,2025-10-12
Scissors,24,59.00,2025-09-22
Scissors,69,47.00,2025-08-09
Scissors,100,47.00,2025-08-29
Scissors,40,60.00,2025-10-25
Scissors,21,48.00,2025-10-28
Scissors,55,48.00,2025-09-25
Scissors,94,52.00,2025-09-28
Scissors,69,59.00,2025-08-15
Scissors,84,48.00,2025-10-12
Scissors,10,45.00,2025-08-21
Scissors,32,47.00,2025-10-02
Scissors,31,54.00,2025-08-31
Scissors,87,55.00,2025-10-18
Scissors,34,56.00,2025-09-21
Scissors,25,59.00,2025-09-12
Scissors,44,46.00,2025-08-31
Scissors,13,51.00,2025-10-28
Scissors,33,45.00,2025-09-20
Scissors,72,51.00,2025-09-08
Scissors,22,56.00,2025-10-10
Scissors,24,55.00,2025-09-12
Scissors,59,52.00,2025-09-04
Scissors,67,48.00,2025-10-12
Scissors,85,58.00,2025-08-22
Scissors,63,55.00,2025-10-07
Scissors,72,60.00,2025-10-22
Scissors,85,49.00,2025-09-11
Scissors,26,56.00,2025-10-16
Scissors,6,53.00,2025-11-02
Scissors,53,57.00,2025-10-17
Scissors,75,45.00,2025-10-31
Scissors,2,51.00,2025-11-05
Scissors,17,59.00,2025-10-27
Tape,61,70.00,2025-09-11
Tape,86,75.00,2025-11-04
Tape,68,70.00,2025-08-13
Tape,54,66.00,2025-10-19
Tape,35,65.00,2025-09-03
Tape,17,67.00,2025-10-05
Tape,13,73.00,2025-09-15
Tape,12,72.00,2025-10-01
Tape,49,62.00,2025-08-10
Tape,7,77.00,2025-08-20
Tape,18,63.00,2025-10-26
Tape,74,67.00,2025-10-24
Tape,17,74.00,2025-11-06
Tape,59,73.00,2025-09-29
Tape,84,77.00,2025-09-10
Tape,73,62.00,2025-09-26
Tape,31,62.00,2025-09-30
Tape,94,77.00,2025-10-10
Tape,77,62.00,2025-10-20
Tape,71,62.00,2025-08-09
Tape,86,73.00,2025-10-30
Tape,87,62.00,2025-10-20
Tape,16,76.00,2025-10-03
Tape,16,77.00,2025-08-22
Tape,28,70.00,2025-09-10
Tape,11,63.00,2025-08-23
Tape,31,66.00,2025-11-06
Tape,63,70.00,2025-08-14
Tape,69,66.00,2025-09-30
Tape,13,62.00,2025-09-05
Tape,10,68.00,2025-08-22
Tape,46,69.00,2025-10-30
Tape,53,66.00,2025-10-05
Tape,51,62.00,2025-10-14
Tape,71,65.00,2025-10-05
Tape,98,64.00,2025-10-19
Tape,73,63.00,2025-08-16
Tape,84,71.00,2025-08-18
Tape,69,63.00,2025-09-24
Tape,66,62.00,2025-10-12
Tape,14,68.00,2025-09-06
Tape,42,74.00,2025-10-22
Tape,3,69.00,2025-09-11
Tape,1,74.00,2025-10-07
Tape,26,62.00,2025-10-27
Tape,1,63.00,2025-08-30
Tape,17,65.00,2025-08-13
Tape,2,65.00,2025-10-29
Tape,11,66.00,2025-08-12
Tape,66,74.00,2025-10-08
Tape,73,76.00,2025-10-24
Tape,87,65.00,2025-10-15
Tape,53,68.00,2025-10-19
Tape,76,75.00,2025-11-02
Tape,41,75.00,2025-09-28
Tape,78,66.00,2025-10-24
Tape,43,64.00,2025-10-16
Tape,34,76.00,2025-09-15
Tape,45,70.00,2025-10-07
Tape,9,63.00,2025-09-14
Correction Pen,56,56.00,2025-10-15
Correction Pen,66,43.00,2025-11-06
Correction Pen,95,52.00,2025-08-24
Correction Pen,85,58.00,2025-08-15
Correction Pen,77,48.00,2025-10-08
Correction Pen,46,44.00,2025-10-06
Correction Pen,76,52.00,2025-11-02
Correction Pen,48,55.00,2025-10-27
Correction Pen,56,55.00,2025-10-02
Correction Pen,99,54.00,2025-10-20
Correction Pen,91,45.00,2025-10-21
Correction Pen,5,57.00,2025-10-22
Correction Pen,30,58.00,2025-10-25
Correction Pen,12,49.00,2025-09-12
Correction Pen,86,51.00,2025-10-15
Correction Pen,12,50.00,2025-10-26
Correction Pen,84,57.00,2025-10-20
Correction Pen,45,50.00,2025-08-09
Correction Pen,71,45.00,2025-09-29
Correction Pen,96,52.00,2025-10-05
Correction Pen,65,58.00,2025-10-19
Correction Pen,53,50.00,2025-10-05
Correction Pen,100,47.00,2025-09-11
Correction Pen,61,48.00,2025-08-28
Correction Pen,5,54.00,2025-09-19
Correction Pen,79,49.00,2025-10-23
Correction Pen,20,50.00,2025-10-18
Correction Pen,80,56.00,2025-10-07
Correction Pen,84,56.00,2025-08-23
Correction Pen,66,48.00,2025-09-23
Correction Pen,11,43.00,2025-10-14
Correction Pen,70,54.00,2025-10-22
Correction Pen,9,46.00,2025-10-05
Correction Pen,1,47.00,2025-08-26
Correction Pen,54,58.00,2025-10-12
Correction Pen,42,48.00,2025-09-16
Correction Pen,58,58.00,2025-10-08
Correction Pen,68,56.00,2025-09-19
Correction Pen,74,48.00,2025-09-12
Correction Pen,17,48.00,2025-10-31
Correction Pen,82,52.00,2025-08-26
Correction Pen,83,57.00,2025-08-22
Correction Pen,61,48.00,2025-09-22
Correction Pen,22,44.00,2025-09-20
Correction Pen,37,43.00,2025-08-28
Correction Pen,87,48.00,2025-11-02
Correction Pen,71,45.00,2025-11-05
Correction Pen,77,58.00,2025-09-20
Correction Pen,37,53.00,2025-10-05
Correction Pen,60,57.00,2025-09-17
Correction Pen,26,52.00,2025-10-26
Correction Pen,39,48.00,2025-08-22
Correction Pen,73,50.00,2025-11-02
Correction Pen,10,57.00,2025-10-08
Correction Pen,98,55.00,2025-09-29
Correction Pen,4,45.00,2025-10-23
Correction Pen,4,53.00,2025-08-10
Correction Pen,92,43.00,2025-08-15
Correction Pen,18,48.00,2025-10-07
Correction Pen,90,50.00,2025-09-09
